{
  "parent": "input:all",
  "criteria": {
    "input": {
      "trigger": "minecraft:using_item",
      "conditions": {
        "player": [
          {
            "condition": "minecraft:entity_scores",
            "entity": "this",
            "scores": {
              "svm_ep.ability_input": 1
            }
          }
        ],
        "item": {
          "predicates": {
            "minecraft:custom_data": "{svm_ep.item:{id:ability_input}}"
          }
        }
      }
    }
  },
  "rewards": {
    "function": "svm_ep:player/use_ability"
  }
}