{
  "description": "",
  "max_level": 1,
  "slots": [
    "feet"
  ],
  "supported_items": [],
  "weight": 1,
  "anvil_cost": 0,
  "min_cost": {
    "base": 0,
    "per_level_above_first": 0
  },
  "max_cost": {
    "base": 0,
    "per_level_above_first": 0
  },
  "effects": {
    "minecraft:location_changed": [
      {
        "effect": {
          "type": "all_of",
          "effects": [
            {
              "type": "explode",
              "attribute_to_user": true,
              "knockback_multiplier": 0.7,
              "radius": 2,
              "create_fire": false,
              "block_interaction": "none",
              "small_particle": {
                "type": "minecraft:small_gust"
              },
              "large_particle": {
                "type": "minecraft:small_gust"
              },
              "sound": {
                "sound_id": ""
              }
            },
            {
              "type": "run_function",
              "function": "svm_ep:system/kill"
            }
          ]
        },
        "requirements": {
          "condition": "enchantment_active_check",
          "active": false
        }
      }
    ]
  }
}