{
  "type": "minecraft:dialog_list",
  "title": [{"text":"I","color":"#56ff61"},{"text":"t","color":"#76fe7f"},{"text":"e","color":"#97fd9e"},{"text":"m","color":"#b8fcbc"},{"text":"s","color":"#d9fbdb"},{"text":" ","color":"#fafafa"},{"text":"I","color":"#d1fbd3"},{"text":"n","color":"#a8fcad"},{"text":"f","color":"#7ffd87"},{"text":"o","color":"#56ff61"}],
  "external_title": [{"text":"⚔","bold":true,"color":"#91000c"},{"text":" Fighting Style","bold":false,"color":"#ff3c36"}],
  "body": {
    "type": "minecraft:item",
    "item": {
      "id": "minecraft:paper",
        "components": {
          "minecraft:item_model": "minecraft:iron_sword"
        }
    },
    "description": {
      "text": "Click on the Item Name to view its obtainment and basic functionality!"
    },
    "show_decorations": false,
    "show_tooltip": false
  },
  "can_close_with_escape": true,
  "pause": true,
  "after_action": "close",
  "columns": 3,
  "dialogs": ["svm_ep:items_info/fighting_styles/sword_style_scroll", "svm_ep:items_info/fighting_styles/sword_style_abilities"],
  "exit_action": {
    "label": [{"text":"I","color":"#56ff61"},{"text":"t","color":"#76fe7f"},{"text":"e","color":"#97fd9e"},{"text":"m","color":"#b8fcbc"},{"text":"s","color":"#d9fbdb"}],
    "action": {
      "type": "minecraft:show_dialog",
      "dialog": "svm_ep:items_info/main"
    }
  },
  "button_width": 130
}
