{
  "type": "minecraft:dialog_list",
  "title": [{"text":"I","color":"#56ff61"},{"text":"t","color":"#76fe7f"},{"text":"e","color":"#97fd9e"},{"text":"m","color":"#b8fcbc"},{"text":"s","color":"#d9fbdb"},{"text":" ","color":"#fafafa"},{"text":"I","color":"#d1fbd3"},{"text":"n","color":"#a8fcad"},{"text":"f","color":"#7ffd87"},{"text":"o","color":"#56ff61"}],
  "external_title": [{"text":"I","color":"#56ff61"},{"text":"t","color":"#76fe7f"},{"text":"e","color":"#97fd9e"},{"text":"m","color":"#b8fcbc"},{"text":"s","color":"#d9fbdb"},{"text":" ","color":"#fafafa"},{"text":"I","color":"#d1fbd3"},{"text":"n","color":"#a8fcad"},{"text":"f","color":"#7ffd87"},{"text":"o","color":"#56ff61"}],
  "body": {
    "type": "minecraft:item",
    "item": {
      "id": "minecraft:chest"
    },
    "description": {
      "text": "Select the group to view its items, their functionality and obtainment"
    },
    "show_decorations": false,
    "show_tooltip": false
  },
  "can_close_with_escape": true,
  "pause": true,
  "after_action": "close",
  "columns": 1,
  "dialogs": ["svm_ep:items_info/power_scroll", "svm_ep:items_info/fighting_styles", "svm_ep:items_info/golden_food", "svm_ep:items_info/weapon_tool", "svm_ep:items_info/other"],
  "exit_action": {
    "label": {
      "text": "Exit",
      "color": "#db0f38"
    }
  },
  "button_width": 160
}
