{
  "type": "minecraft:dialog_list",
  "title": [{"text":"I","color":"#56ff61"},{"text":"t","color":"#76fe7f"},{"text":"e","color":"#97fd9e"},{"text":"m","color":"#b8fcbc"},{"text":"s","color":"#d9fbdb"},{"text":" ","color":"#fafafa"},{"text":"I","color":"#d1fbd3"},{"text":"n","color":"#a8fcad"},{"text":"f","color":"#7ffd87"},{"text":"o","color":"#56ff61"}],
  "external_title": [{"text":"📜","bold":true,"color":"#4eeaff"},{"text":" Power Scrolls","bold":false,"color":"#bff7ff"}],
  "body": {
    "type": "minecraft:item",
    "item": {
      "id": "minecraft:paper",
        "components": {
          "minecraft:item_model": "minecraft:flower_banner_pattern"
        }
    },
    "description": {
      "text": "Click on the Item Name to view its obtainment and basic functionality!"
    },
    "show_decorations": false,
    "show_tooltip": false
  },
  "can_close_with_escape": true,
  "pause": true,
  "after_action": "close",
  "columns": 3,
  "dialogs": ["svm_ep:items_info/power_scroll/phase", "svm_ep:items_info/power_scroll/lightning", "svm_ep:items_info/power_scroll/flora", "svm_ep:items_info/power_scroll/slime", "svm_ep:items_info/power_scroll/explosion", "svm_ep:items_info/power_scroll/ice", "svm_ep:items_info/power_scroll/gravity", "svm_ep:items_info/power_scroll/harpie", "svm_ep:items_info/power_scroll/dimension_traveler", "svm_ep:items_info/power_scroll/fire", "svm_ep:items_info/power_scroll/void", "svm_ep:items_info/power_scroll/time", "svm_ep:items_info/power_scroll/healing", "svm_ep:items_info/power_scroll/death", "svm_ep:items_info/power_scroll/copy", "svm_ep:items_info/power_scroll/water"],
  "exit_action": {
    "label": [{"text":"I","color":"#56ff61"},{"text":"t","color":"#76fe7f"},{"text":"e","color":"#97fd9e"},{"text":"m","color":"#b8fcbc"},{"text":"s","color":"#d9fbdb"}],
    "action": {
      "type": "minecraft:show_dialog",
      "dialog": "svm_ep:items_info/main"
    }
  },
  "button_width": 130
}
