{
  "display": {
    "icon": {
      "id": "minecraft:warped_fungus_on_a_stick",
      "components": {
        "minecraft:item_model": "svm_ep:knowledge_scroll"
      }
    },
    "title": {
      "text": "Movement: Slash",
      "color": "white",
      "bold": false
    },
    "description": {
      "text": "Your basic sequence, a singular slash",
      "color": "green",
      "bold": false,
      "italic": false
    },
    "show_toast": true,
    "announce_to_chat": false,
    "hidden": false
  },
  "parent": "svm_ep:storyline/sword_style",
  "criteria": {
    "requirement": {
      "trigger": "minecraft:impossible"
    }
  },
  "rewards": {}
}