{
  "pools": [
    {
      "rolls": 1,
      "entries": [
        {
          "type": "minecraft:item",
          "name": "minecraft:warped_fungus_on_a_stick",
          "functions": [
            {
              "function": "minecraft:set_attributes",
              "modifiers": [
                {
                  "attribute": "minecraft:attack_speed",
                  "id": "def",
                  "amount": -1.65,
                  "operation": "add_value",
                  "slot": "mainhand"
                },
                {
                  "attribute": "minecraft:attack_damage",
                  "id": "def",
                  "amount": 6,
                  "operation": "add_value",
                  "slot": "mainhand"
                }
              ]
            },
            {
              "function": "minecraft:set_name",
              "name": {
                "text": "Explosion Wand",
                "color": "red",
                "italic": false
              }
            },
            {
              "function": "minecraft:set_components",
              "components": {
                "minecraft:item_model": "svm_ep:explosion_staff"
              }
            },
            {
              "function": "minecraft:set_custom_data",
              "tag": "{svm_ep.explosion_staff:1b}"
            },
            {
              "function": "minecraft:set_lore",
              "entity": "this",
              "lore": [
                {
                  "text": "- Requires Explosion Power",
                  "color": "gray",
                  "bold": true,
                  "italic": false
                },
                {
                  "text": "| Charge in mainhand radius (it's not in blocks)",
                  "color": "gray",
                  "italic": false
                },
                {
                  "text": "| Cancel the explosion in offhand",
                  "color": "gray",
                  "italic": false
                },
                {
                  "text": ""
                },
                {
                  "text": "Powerful staff used by explosion users,",
                  "color": "white",
                  "italic": true
                },
                {
                  "text": "summons a powerful explosion on the cursor",
                  "color": "white",
                  "italic": true
                }
              ],
              "mode": "replace_all"
            }
          ]
        }
      ]
    }
  ]
}
