{
  "pools": [
    {
      "rolls": 1,
      "entries": [
        {
          "type": "minecraft:item",
          "name": "minecraft:warped_fungus_on_a_stick",
          "functions": [
            {
              "function": "minecraft:set_attributes",
              "modifiers": [
                {
                  "attribute": "minecraft:attack_speed",
                  "id": "def",
                  "amount": -3,
                  "operation": "add_value",
                  "slot": "mainhand"
                },
                {
                  "attribute": "minecraft:attack_damage",
                  "id": "def",
                  "amount": 10,
                  "operation": "add_value",
                  "slot": "mainhand"
                }
              ]
            },
            {
              "function": "minecraft:set_name",
              "name": {
                "text": "Devil Claw",
                "color": "#23098a",
                "italic": false
              }
            },
            {
              "function": "minecraft:set_components",
              "components": {
                "minecraft:item_model": "svm_ep:gauntlet_devil_claw"
              }
            },
            {
              "function": "minecraft:set_custom_data",
              "tag": "{svm_ep.gauntlet:{}}"
            }
          ]
        }
      ]
    }
  ]
}
