{
  "type": "minecraft:notice",
  "title": [{"text":"I","color":"#56ff61"},{"text":"t","color":"#76fe7f"},{"text":"e","color":"#97fd9e"},{"text":"m","color":"#b8fcbc"},{"text":"s","color":"#d9fbdb"},{"text":" ","color":"#fafafa"},{"text":"I","color":"#d1fbd3"},{"text":"n","color":"#a8fcad"},{"text":"f","color":"#7ffd87"},{"text":"o","color":"#56ff61"}],
  "external_title": {"text":"Slime","color":"green","bold":false},
  "body": [
    {
      "type": "minecraft:item",
      "item": {
        "id": "minecraft:paper",
        "components": {
          "minecraft:item_model": "minecraft:flower_banner_pattern"
        }
      },
      "description": {
        "text": "Slime",
        "color": "green"
      },
      "show_decorations": false,
      "show_tooltip": false
    },
    {"type": "minecraft:plain_message","contents": {"text": ""}},
    {
      "type": "minecraft:plain_message",
      "contents": {
        "text": "Allows to obtain Slime Powers",
        "color": "#dadbe2",
        "italic": true
      }
    },
    {"type": "minecraft:plain_message","contents": {"text": ""}},
    {"type": "minecraft:plain_message","contents": {"text": ""}},
    {"type": "minecraft:plain_message","contents": {"text": ""}},
    {
      "type": "minecraft:item",
      "item": {
        "id": "minecraft:paper",
        "components": {
          "minecraft:item_model": "minecraft:bundle"
        }
      },
      "description": {
        "text": "Obtainment",
        "bold": true,
        "color": "#d1b8ff"
      },
      "show_decorations": false,
      "show_tooltip": false
    },
    {"type": "minecraft:item", "item": {"id": "minecraft:ghast_tear", "components": {"minecraft:item_model": "minecraft:air"}}, "description": {"text": "\u7707", "font": "crafting"}, "show_decorations": false, "show_tooltip": false, "width": 1, "height": 70}
  ],
  "can_close_with_escape": true,
  "pause": true,
  "after_action": "close",
  "action": {
    "label": [{"text":"📜","bold":true,"color":"#4eeaff"},{"text":" Power Scrolls","bold":false,"color":"#bff7ff"}],
    "width": 120,
    "action": {
      "type": "minecraft:show_dialog",
      "dialog": "svm_ep:items_info/power_scroll"
    }
  }
}