{
  "type": "minecraft:entity",
  "pools": [
    {
      "bonus_rolls": 0.0,
      "entries": [
        {
          "type": "minecraft:item",
          "functions": [
            {
              "add": false,
              "count": {
                "type": "minecraft:uniform",
                "max": 1.0,
                "min": 0.0
              },
              "function": "minecraft:set_count"
            },
            {
              "count": {
                "type": "minecraft:uniform",
                "max": 1.0,
                "min": 0.0
              },
              "enchantment": "minecraft:looting",
              "function": "minecraft:enchanted_count_increase"
            }
          ],
          "name": "minecraft:rotten_flesh"
        }
      ],
      "rolls": 1.0
    },
    {
      "bonus_rolls": 0.0,
      "entries": [
        {
          "type": "minecraft:item",
          "functions": [
            {
              "add": false,
              "count": {
                "type": "minecraft:uniform",
                "max": 1.0,
                "min": 0.0
              },
              "function": "minecraft:set_count"
            },
            {
              "count": {
                "type": "minecraft:uniform",
                "max": 1.0,
                "min": 0.0
              },
              "enchantment": "minecraft:looting",
              "function": "minecraft:enchanted_count_increase"
            }
          ],
          "name": "minecraft:gold_nugget"
        }
      ],
      "rolls": 1.0
    },
    {
      "bonus_rolls": 0.0,
      "conditions": [
        {
          "condition": "minecraft:killed_by_player"
        },
        {
          "condition": "minecraft:random_chance_with_enchanted_bonus",
          "enchanted_chance": {
            "type": "minecraft:linear",
            "base": 0.035,
            "per_level_above_first": 0.01
          },
          "enchantment": "minecraft:looting",
          "unenchanted_chance": 0.025
        }
      ],
      "entries": [
        {
          "type": "minecraft:item",
          "name": "minecraft:gold_ingot"
        }
      ],
      "rolls": 1.0
    },
    {
      "rolls": 1,
      "entries": [
        {
          "type": "minecraft:loot_table",
          "value": "svm_ep:items/golden/flesh"
        }
      ],
      "conditions": [
        {
          "condition": "minecraft:random_chance",
          "chance": 0.015
        }
      ]
    }
  ],
  "random_sequence": "minecraft:entities/zombified_piglin"
}