{
  "pools": [
    {
      "rolls": {
        "min": 0,
        "max": 1
      },
      "entries": [
        {
          "type": "minecraft:item",
          "name": "minecraft:chainmail_boots"
        },
        {
          "type": "minecraft:item",
          "name": "minecraft:chainmail_leggings"
        },
        {
          "type": "minecraft:item",
          "name": "minecraft:chainmail_chestplate"
        },
        {
          "type": "minecraft:item",
          "name": "minecraft:chainmail_helmet"
        }
      ]
    },
    {
      "rolls": {
        "min": 5,
        "max": 8
      },
      "entries": [
        {
          "type": "minecraft:item",
          "weight": 2,
          "name": "minecraft:quartz",
          "functions": [
            {
              "function": "minecraft:set_count",
              "count": {
                "min": 3,
                "max": 7
              }
            }
          ]
        },
        {
          "type": "minecraft:item",
          "weight": 3,
          "name": "minecraft:glow_berries",
          "functions": [
            {
              "function": "minecraft:set_count",
              "count": {
                "min": 4,
                "max": 9
              }
            }
          ]
        },
        {
          "type": "minecraft:item",
          "weight": 2,
          "name": "minecraft:golden_apple",
          "functions": [
            {
              "function": "minecraft:set_count",
              "count": {
                "min": 1,
                "max": 2
              }
            }
          ]
        },
        {
          "type": "minecraft:item",
          "weight": 4,
          "name": "minecraft:iron_ingot",
          "functions": [
            {
              "function": "minecraft:set_count",
              "count": {
                "min": 3,
                "max": 8
              }
            }
          ]
        },
        {
          "type": "minecraft:item",
          "weight": 3,
          "name": "minecraft:gold_ingot",
          "functions": [
            {
              "function": "minecraft:set_count",
              "count": {
                "min": 2,
                "max": 7
              }
            }
          ]
        },
        {
          "type": "minecraft:item",
          "weight": 3,
          "name": "minecraft:iron_nugget",
          "functions": [
            {
              "function": "minecraft:set_count",
              "count": {
                "min": 5,
                "max": 18
              }
            }
          ]
        },
        {
          "type": "minecraft:item",
          "weight": 2,
          "name": "minecraft:gold_nugget",
          "functions": [
            {
              "function": "minecraft:set_count",
              "count": {
                "min": 3,
                "max": 15
              }
            }
          ]
        }
      ]
    },
    {
      "rolls": {
        "min": 0,
        "max": 1
      },
      "entries": [
        {
          "type": "minecraft:loot_table",
          "weight": 2,
          "value": "svm_ep:items/white_katana"
        },
        {
          "type": "minecraft:loot_table",
          "weight": 5,
          "value": "svm_ep:items/rainbow_paper"
        },
        {
          "type": "minecraft:loot_table",
          "weight": 3,
          "value": "svm_ep:items/power_reseter"
        }
      ]
    },
    {
      "rolls": {
        "min": 0,
        "max": 2
      },
      "bonus_rolls": 0,
      "entries": [
        {
          "type": "minecraft:loot_table",
          "weight": 2,
          "value": "svm_ep:items/golden/flesh"
        },
        {
          "type": "minecraft:loot_table",
          "weight": 1,
          "value": "svm_ep:items/golden/eye"
        },
        {
          "type": "minecraft:loot_table",
          "weight": 4,
          "value": "svm_ep:items/golden/pearl"
        }
      ]
    }
  ]
}