{
  "pools": [
    {
      "rolls": 1,
      "entries": [
        {
          "type": "minecraft:loot_table",
          "value": "svm_ep:items/explosion_staff"
        }
      ]
    },
    {
      "rolls": {
        "min": 3,
        "max": 8
      },
      "entries": [
        {
          "type": "minecraft:item",
          "name": "minecraft:gold_nugget"
        },
        {
          "type": "minecraft:item",
          "name": "minecraft:gold_ingot"
        },
        {
          "type": "minecraft:item",
          "name": "minecraft:netherite_scrap"
        }
      ]
    },
    {
      "rolls": {
        "min": 0,
        "max": 2
      },
      "bonus_rolls": 0,
      "entries": [
        {
          "type": "minecraft:loot_table",
          "weight": 5,
          "value": "svm_ep:items/golden/flesh"
        },
        {
          "type": "minecraft:loot_table",
          "weight": 3,
          "value": "svm_ep:items/golden/bone"
        },
        {
          "type": "minecraft:loot_table",
          "weight": 1,
          "value": "svm_ep:items/golden/pearl"
        }
      ]
    }
  ]
}