{
  "parent": "advancedmobs:root",
  "display": {
    "icon": {
      "id": "minecraft:piston"
    },
    "title": {
      "text": ""
    },
    "description": "......",
    "announce_to_chat": false,
    "show_toast": false,
    "hidden": true
  },
  "criteria": {
    "hurt": {
      "trigger": "player_hurt_entity",
      "conditions": {
        "entity": {
          "type": "#advancedmobs:js_kl",
          "nbt": "{Tags:[\"advancedmobs_obsidian\"]}"
        },
        "player": {
          "equipment": {
            "mainhand": {
              "items": [
                "wooden_pickaxe",
                "stone_pickaxe",
                "golden_pickaxe",
                "iron_pickaxe",
                "diamond_pickaxe",
                "netherite_pickaxe"
              ]
            }
          }
        }
      }
    }
  },
  "rewards": {
    "function": "advancedmobs:ss/obsidian/a"
  }
}