{
    "parent": "advancedmobs:root",
    "display": {
        "icon": {
            "id": "minecraft:creeper_head"
        },
        "title": {
            "text": ""
        },
        "description": "......",
        "announce_to_chat": false,
        "show_toast": false,
        "hidden": true
    },
    "criteria": {
        "shadow": {
            "trigger": "tick",
            "conditions": {
                "player": [
                  {
                    "condition": "minecraft:entity_properties",
                    "entity": "this",
                    "predicate": {
                      "type_specific": {
                        "type": "player",
                        "looking_at": {
                            "nbt": "{Tags:[\"advancedmobs_shadow\"]}"
                        }
                      }
                    }
                  }
                ]
            }
        }
    },
    "rewards": {
        "function": "advancedmobs:ss/shadow/2"
    }
}