{
    "parent": "advancedmobs:root",
    "display": {
        "icon": {
            "id": "minecraft:tinted_glass"
        },
        "title": {
            "text": ""
        },
        "description": "......",
        "announce_to_chat": false,
        "show_toast": false,
        "hidden": true
    },
    "criteria": {
        "egg": {
            "trigger": "item_used_on_block",
            "conditions": {
                "location": [
                    {
                        "condition": "minecraft:match_tool",
                        "predicate": {
                            "nbt": "{EntityTag:{Tags:[\"advancedmobs_suppressor_spawn\"]}}"
                        }
                    }
                ]
            }
        }
    },
    "rewards": {
        "function": "advancedmobs:suppressor/place"
    }
}