{
    "parent": "advancedmobs:root",
    "display": {
        "icon": {
            "id": "minecraft:tinted_glass"
        },
        "title": {
            "text": ""
        },
        "description": "......",
        "announce_to_chat": false,
        "show_toast": false,
        "hidden": true
    },
    "criteria": {
        "egg": {
            "trigger": "player_interacted_with_entity",
            "conditions": {
                "entity": {
                    "type": "interaction",
                    "nbt": "{Tags:[\"advancedmobs_suppressor\"],Passengers:[{Passengers:[{Tags:[\"advancedmobs_suppressor_zs20\"]}]}]}"
                },
                "player": {
                    "flags": {
                        "is_sneaking": true
                    }
                }
            }
        }
    },
    "rewards": {
        "function": "advancedmobs:suppressor/sr_on"
    }
}