{
    "parent": "advancedmobs:root",
    "display": {
        "icon": {
            "id": "minecraft:tinted_glass"
        },
        "title": {
            "text": ""
        },
        "description": "......",
        "announce_to_chat": false,
        "show_toast": false,
        "hidden": true
    },
    "criteria": {
        "egg": {
            "trigger": "player_hurt_entity",
            "conditions": {
                "entity": {
                    "type": "interaction",
                    "nbt": "{Tags:[\"advancedmobs_suppressor\"]}"
                }
            }
        }
    },
    "rewards": {
        "function": "advancedmobs:suppressor/b"
    }
}