{
  "functions": [
    {
      "function": "set_custom_data",
      "tag": "{advancedmobs_ssc:1b,byHanalinchEve:2b,byyccg:3b}"
    }
  ],
  "pools": [
    {
      "rolls": 1,
      "conditions": [
        {
          "condition": "entity_properties",
          "entity": "this",
          "predicate": {
            "type": "#advancedmobs:zombie"
          }
        }
      ],
      "functions": [
        {
          "function": "set_custom_data",
          "tag": "{advancedmobs_zombie:1b}"
        }
      ],
      "entries": [
        {
          "type": "minecraft:item",
          "name": "minecraft:stone",
          "functions": [
            {
              "function": "minecraft:set_custom_data",
              "tag": "{advancedmobs_advancedmobs:[\"advancedmobs_ssc\",\"advancedmobs_disco\"]}"
            }
          ],
          "weight": 1
        },
        {
          "type": "minecraft:item",
          "name": "minecraft:stone",
          "functions": [
            {
              "function": "minecraft:set_custom_data",
              "tag": "{advancedmobs_advancedmobs:[\"advancedmobs_ssc\",\"advancedmobs_furnace\"]}"
            }
          ],
          "weight": 1
        },
        {
          "type": "minecraft:item",
          "name": "minecraft:stone",
          "functions": [
            {
              "function": "minecraft:set_custom_data",
              "tag": "{advancedmobs_advancedmobs:[\"advancedmobs_ssc\",\"advancedmobs_silverfish\"]}"
            }
          ],
          "weight": 1
        },
        {
          "type": "minecraft:item",
          "name": "minecraft:stone",
          "functions": [
            {
              "function": "minecraft:set_custom_data",
              "tag": "{advancedmobs_advancedmobs:[\"advancedmobs_ssc\",\"advancedmobs_caster\"]}"
            }
          ],
          "weight": 1
        },
        {
          "type": "minecraft:item",
          "name": "minecraft:stone",
          "functions": [
            {
              "function": "minecraft:set_custom_data",
              "tag": "{advancedmobs_advancedmobs:[\"advancedmobs_ssc\",\"advancedmobs_obsidian\"]}"
            }
          ],
          "weight": 1
        },
        {
          "type": "minecraft:item",
          "name": "minecraft:stone",
          "functions": [
            {
              "function": "minecraft:set_custom_data",
              "tag": "{advancedmobs_advancedmobs:[\"advancedmobs_ssc\",\"advancedmobs_anvil\"]}"
            }
          ],
          "weight": 1
        },
        {
          "type": "minecraft:item",
          "name": "minecraft:stone",
          "functions": [
            {
              "function": "minecraft:set_custom_data",
              "tag": "{advancedmobs_advancedmobs:[\"advancedmobs_ssc\",\"advancedmobs_pot\"]}"
            }
          ],
          "weight": 1
        },
        {
          "type": "minecraft:item",
          "name": "minecraft:stone",
          "functions": [
            {
              "function": "minecraft:set_custom_data",
              "tag": "{advancedmobs_advancedmobs:[\"advancedmobs_ssc\",\"advancedmobs_ice\"]}"
            }
          ],
          "weight": 1
        },
        {
          "type": "minecraft:item",
          "name": "minecraft:stone",
          "functions": [
            {
              "function": "minecraft:set_custom_data",
              "tag": "{advancedmobs_advancedmobs:[\"advancedmobs_ssc\",\"advancedmobs_dispenser\"]}"
            }
          ],
          "weight": 1
        },
        {
          "type": "minecraft:item",
          "name": "minecraft:stone",
          "functions": [
            {
              "function": "minecraft:set_custom_data",
              "tag": "{advancedmobs_advancedmobs:[\"advancedmobs_ssc\",\"advancedmobs_octo\"]}"
            }
          ],
          "weight": 1
        },
        {
          "type": "minecraft:item",
          "name": "minecraft:stone",
          "conditions": [
            {
              "condition": "location_check",
              "predicate": {
                "biomes": [
                  "swamp"
                ]
              }
            },
            {
              "condition": "location_check",
              "offsetY": 2,
              "predicate": {
                "block": {
                  "blocks": "#advancedmobs:no"
                }
              }
            },
            {
              "condition": "location_check",
              "offsetY": 3,
              "predicate": {
                "block": {
                  "blocks": "#advancedmobs:no"
                }
              }
            },
            {
              "condition": "location_check",
              "offsetX": 1,
              "offsetZ": 0,
              "offsetY": 3,
              "predicate": {
                "block": {
                  "blocks": "#advancedmobs:no"
                }
              }
            },
            {
              "condition": "location_check",
              "offsetX": 1,
              "offsetZ": 1,
              "offsetY": 3,
              "predicate": {
                "block": {
                  "blocks": "#advancedmobs:no"
                }
              }
            },
            {
              "condition": "location_check",
              "offsetX": 1,
              "offsetZ": -1,
              "offsetY": 3,
              "predicate": {
                "block": {
                  "blocks": "#advancedmobs:no"
                }
              }
            },
            {
              "condition": "location_check",
              "offsetX": 0,
              "offsetZ": 0,
              "offsetY": 3,
              "predicate": {
                "block": {
                  "blocks": "#advancedmobs:no"
                }
              }
            },
            {
              "condition": "location_check",
              "offsetX": 0,
              "offsetZ": 1,
              "offsetY": 3,
              "predicate": {
                "block": {
                  "blocks": "#advancedmobs:no"
                }
              }
            },
            {
              "condition": "location_check",
              "offsetX": 0,
              "offsetZ": -1,
              "offsetY": 3,
              "predicate": {
                "block": {
                  "blocks": "#advancedmobs:no"
                }
              }
            },
            {
              "condition": "location_check",
              "offsetX": -1,
              "offsetZ": 0,
              "offsetY": 3,
              "predicate": {
                "block": {
                  "blocks": "#advancedmobs:no"
                }
              }
            },
            {
              "condition": "location_check",
              "offsetX": -1,
              "offsetZ": 1,
              "offsetY": 3,
              "predicate": {
                "block": {
                  "blocks": "#advancedmobs:no"
                }
              }
            },
            {
              "condition": "location_check",
              "offsetX": -1,
              "offsetZ": -1,
              "offsetY": 3,
              "predicate": {
                "block": {
                  "blocks": "#advancedmobs:no"
                }
              }
            }
          ],
          "functions": [
            {
              "function": "minecraft:set_custom_data",
              "tag": "{advancedmobs_advancedmobs:[\"advancedmobs_ssc\",\"advancedmobs_troll\"]}"
            }
          ],
          "weight": 4
        },
        {
          "type": "minecraft:item",
          "name": "minecraft:stone",
          "conditions": [
            {
              "condition": "entity_scores",
              "entity": "this",
              "scores": {
                "advancedmobs_xp": {
                  "min": 50
                }
              }
            }
          ],
          "functions": [
            {
              "function": "minecraft:set_custom_data",
              "tag": "{advancedmobs_advancedmobs:[\"advancedmobs_ssc\",\"advancedmobs_doctor\"]}"
            }
          ],
          "weight": 1
        },
        {
          "type": "minecraft:item",
          "name": "minecraft:stone",
          "conditions": [
            {
              "condition": "entity_scores",
              "entity": "this",
              "scores": {
                "advancedmobs_xp": {
                  "min": 50
                }
              }
            }
          ],
          "functions": [
            {
              "function": "minecraft:set_custom_data",
              "tag": "{advancedmobs_advancedmobs:[\"advancedmobs_ssc\",\"advancedmobs_beacon\"]}"
            }
          ],
          "weight": 1
        },
        {
          "type": "minecraft:item",
          "name": "minecraft:stone",
          "conditions": [
            {
              "condition": "entity_scores",
              "entity": "this",
              "scores": {
                "advancedmobs_xp": {
                  "min": 50
                }
              }
            }
          ],
          "functions": [
            {
              "function": "minecraft:set_custom_data",
              "tag": "{advancedmobs_advancedmobs:[\"advancedmobs_ssc\",\"advancedmobs_knight\"]}"
            }
          ],
          "weight": 1
        },
        {
          "type": "minecraft:item",
          "name": "minecraft:stone",
          "conditions": [
            {
              "condition": "entity_scores",
              "entity": "this",
              "scores": {
                "advancedmobs_xp": {
                  "min": 50
                }
              }
            },
            {
              "condition": "weather_check",
              "thundering": true
            },
            {
              "condition": "location_check",
              "predicate": {
                "can_see_sky": true
              }
            }
          ],
          "functions": [
            {
              "function": "minecraft:set_custom_data",
              "tag": "{advancedmobs_advancedmobs:[\"advancedmobs_ssc\",\"advancedmobs_lightningrod\"]}"
            }
          ],
          "weight": 4
        },
        {
          "type": "minecraft:item",
          "name": "minecraft:stone",
          "conditions": [
            {
              "condition": "entity_scores",
              "entity": "this",
              "scores": {
                "advancedmobs_xp": {
                  "min": 50
                }
              }
            }
          ],
          "functions": [
            {
              "function": "minecraft:set_custom_data",
              "tag": "{advancedmobs_advancedmobs:[\"advancedmobs_ssc\",\"advancedmobs_tumor\"]}"
            }
          ],
          "weight": 1
        },
        {
          "type": "minecraft:item",
          "name": "minecraft:stone",
          "conditions": [
            {
              "condition": "entity_scores",
              "entity": "this",
              "scores": {
                "advancedmobs_xp": {
                  "min": 100
                }
              }
            }
          ],
          "functions": [
            {
              "function": "minecraft:set_custom_data",
              "tag": "{advancedmobs_advancedmobs:[\"advancedmobs_ssc\",\"advancedmobs_wizard\"]}"
            }
          ],
          "weight": 1
        },
        {
          "type": "minecraft:item",
          "name": "minecraft:stone",
          "conditions": [
            {
              "condition": "entity_scores",
              "entity": "this",
              "scores": {
                "advancedmobs_xp": {
                  "min": 100
                }
              }
            }
          ],
          "functions": [
            {
              "function": "minecraft:set_custom_data",
              "tag": "{advancedmobs_advancedmobs:[\"advancedmobs_ssc\",\"advancedmobs_ender\"]}"
            }
          ],
          "weight": 1
        },
        {
          "type": "minecraft:item",
          "name": "minecraft:stone",
          "conditions": [
            {
              "condition": "entity_scores",
              "entity": "this",
              "scores": {
                "advancedmobs_xp": {
                  "min": 100
                }
              }
            }
          ],
          "functions": [
            {
              "function": "minecraft:set_custom_data",
              "tag": "{advancedmobs_advancedmobs:[\"advancedmobs_ssc\",\"advancedmobs_uav\"]}"
            }
          ],
          "weight": 1
        },
        {
          "type": "minecraft:item",
          "name": "minecraft:stone",
          "conditions": [
            {
              "condition": "entity_scores",
              "entity": "this",
              "scores": {
                "advancedmobs_xp": {
                  "min": 100
                }
              }
            }
          ],
          "functions": [
            {
              "function": "minecraft:set_custom_data",
              "tag": "{advancedmobs_advancedmobs:[\"advancedmobs_ssc\",\"advancedmobs_firework\"]}"
            }
          ],
          "weight": 1
        },
        {
          "type": "minecraft:item",
          "name": "minecraft:stone",
          "conditions": [
            {
              "condition": "entity_scores",
              "entity": "this",
              "scores": {
                "advancedmobs_xp": {
                  "min": 100
                }
              }
            }
          ],
          "functions": [
            {
              "function": "minecraft:set_custom_data",
              "tag": "{advancedmobs_advancedmobs:[\"advancedmobs_ssc\",\"advancedmobs_fang\"]}"
            }
          ],
          "weight": 1
        },
        {
          "type": "minecraft:item",
          "name": "minecraft:stone",
          "conditions": [
            {
              "condition": "entity_scores",
              "entity": "this",
              "scores": {
                "advancedmobs_xp": {
                  "min": 100
                }
              }
            },
            {
              "condition": "location_check",
              "offsetY": 0,
              "predicate": {
                "block": {
                  "blocks": "#advancedmobs:no"
                }
              }
            },
            {
              "condition": "location_check",
              "offsetY": 1,
              "predicate": {
                "block": {
                  "blocks": "#advancedmobs:no"
                }
              }
            },
            {
              "condition": "location_check",
              "offsetY": 3,
              "predicate": {
                "block": {
                  "blocks": "#advancedmobs:no"
                }
              }
            }
          ],
          "functions": [
            {
              "function": "minecraft:set_custom_data",
              "tag": "{advancedmobs_advancedmobs:[\"advancedmobs_ssc\",\"advancedmobs_hogrider\"]}"
            }
          ],
          "weight": 1
        }
      ]
    },
    {
      "rolls": 1,
      "conditions": [
        {
          "condition": "entity_properties",
          "entity": "this",
          "predicate": {
            "type": "#advancedmobs:skeleton"
          }
        }
      ],
      "functions": [
        {
          "function": "set_custom_data",
          "tag": "{advancedmobs_skeleton:1b}"
        }
      ],
      "entries": [
        {
          "type": "minecraft:item",
          "name": "minecraft:stone",
          "functions": [
            {
              "function": "minecraft:set_custom_data",
              "tag": "{advancedmobs_advancedmobs:[\"advancedmobs_ssc\",\"advancedmobs_mg\"]}"
            }
          ],
          "weight": 1
        },
        {
          "type": "minecraft:item",
          "name": "minecraft:stone",
          "functions": [
            {
              "function": "minecraft:set_custom_data",
              "tag": "{advancedmobs_advancedmobs:[\"advancedmobs_ssc\",\"advancedmobs_furnace\"]}"
            }
          ],
          "weight": 1
        },
        {
          "type": "minecraft:item",
          "name": "minecraft:stone",
          "functions": [
            {
              "function": "minecraft:set_custom_data",
              "tag": "{advancedmobs_advancedmobs:[\"advancedmobs_ssc\",\"advancedmobs_silverfish\"]}"
            }
          ],
          "weight": 1
        },
        {
          "type": "minecraft:item",
          "name": "minecraft:stone",
          "functions": [
            {
              "function": "minecraft:set_custom_data",
              "tag": "{advancedmobs_advancedmobs:[\"advancedmobs_ssc\",\"advancedmobs_caster\"]}"
            }
          ],
          "weight": 1
        },
        {
          "type": "minecraft:item",
          "name": "minecraft:stone",
          "functions": [
            {
              "function": "minecraft:set_custom_data",
              "tag": "{advancedmobs_advancedmobs:[\"advancedmobs_ssc\",\"advancedmobs_obsidian\"]}"
            }
          ],
          "weight": 1
        },
        {
          "type": "minecraft:item",
          "name": "minecraft:stone",
          "functions": [
            {
              "function": "minecraft:set_custom_data",
              "tag": "{advancedmobs_advancedmobs:[\"advancedmobs_ssc\",\"advancedmobs_anvil\"]}"
            }
          ],
          "weight": 1
        },
        {
          "type": "minecraft:item",
          "name": "minecraft:stone",
          "functions": [
            {
              "function": "minecraft:set_custom_data",
              "tag": "{advancedmobs_advancedmobs:[\"advancedmobs_ssc\",\"advancedmobs_pot\"]}"
            }
          ],
          "weight": 1
        },
        {
          "type": "minecraft:item",
          "name": "minecraft:stone",
          "functions": [
            {
              "function": "minecraft:set_custom_data",
              "tag": "{advancedmobs_advancedmobs:[\"advancedmobs_ssc\",\"advancedmobs_ice\"]}"
            }
          ],
          "weight": 1
        },
        {
          "type": "minecraft:item",
          "name": "minecraft:stone",
          "conditions": [
            {
              "condition": "entity_scores",
              "entity": "this",
              "scores": {
                "advancedmobs_xp": {
                  "min": 50
                }
              }
            }
          ],
          "functions": [
            {
              "function": "minecraft:set_custom_data",
              "tag": "{advancedmobs_advancedmobs:[\"advancedmobs_ssc\",\"advancedmobs_doctor\"]}"
            }
          ],
          "weight": 1
        },
        {
          "type": "minecraft:item",
          "name": "minecraft:stone",
          "conditions": [
            {
              "condition": "entity_scores",
              "entity": "this",
              "scores": {
                "advancedmobs_xp": {
                  "min": 50
                }
              }
            }
          ],
          "functions": [
            {
              "function": "minecraft:set_custom_data",
              "tag": "{advancedmobs_advancedmobs:[\"advancedmobs_ssc\",\"advancedmobs_beacon\"]}"
            }
          ],
          "weight": 1
        },
        {
          "type": "minecraft:item",
          "name": "minecraft:stone",
          "conditions": [
            {
              "condition": "entity_scores",
              "entity": "this",
              "scores": {
                "advancedmobs_xp": {
                  "min": 50
                }
              }
            }
          ],
          "functions": [
            {
              "function": "minecraft:set_custom_data",
              "tag": "{advancedmobs_advancedmobs:[\"advancedmobs_ssc\",\"advancedmobs_knight\"]}"
            }
          ],
          "weight": 1
        }
      ]
    },
    {
      "rolls": 1,
      "conditions": [
        {
          "condition": "entity_properties",
          "entity": "this",
          "predicate": {
            "type": "creeper"
          }
        }
      ],
      "functions": [
        {
          "function": "set_custom_data",
          "tag": "{advancedmobs_creeper:1b}"
        }
      ],
      "entries": [
        {
          "type": "minecraft:item",
          "name": "minecraft:stone",
          "functions": [
            {
              "function": "minecraft:set_custom_data",
              "tag": "{advancedmobs_advancedmobs:[\"advancedmobs_ssc\",\"advancedmobs_rocket\"]}"
            }
          ],
          "weight": 1
        },
        {
          "type": "minecraft:item",
          "name": "minecraft:stone",
          "functions": [
            {
              "function": "minecraft:set_custom_data",
              "tag": "{advancedmobs_advancedmobs:[\"advancedmobs_ssc\",\"advancedmobs_chorus\"]}"
            }
          ],
          "weight": 1
        },
        {
          "type": "minecraft:item",
          "name": "minecraft:stone",
          "functions": [
            {
              "function": "minecraft:set_custom_data",
              "tag": "{advancedmobs_advancedmobs:[\"advancedmobs_ssc\",\"advancedmobs_shadow\"]}"
            }
          ],
          "weight": 1
        },
        {
          "type": "minecraft:item",
          "name": "minecraft:stone",
          "functions": [
            {
              "function": "minecraft:set_custom_data",
              "tag": "{advancedmobs_advancedmobs:[\"advancedmobs_ssc\",\"advancedmobs_slime\"]}"
            }
          ],
          "weight": 1
        }
      ]
    },
    {
      "rolls": 1,
      "conditions": [
        {
          "condition": "entity_properties",
          "entity": "this",
          "predicate": {
            "type": "wither_skeleton"
          }
        }
      ],
      "functions": [
        {
          "function": "set_custom_data",
          "tag": "{advancedmobs_creeper:1b}"
        }
      ],
      "entries": [
        {
          "type": "minecraft:item",
          "name": "minecraft:stone",
          "functions": [
            {
              "function": "minecraft:set_custom_data",
              "tag": "{advancedmobs_advancedmobs:[\"advancedmobs_ssc\",\"advancedmobs_wither_wizard\"]}"
            }
          ],
          "weight": 1
        }
      ]
    },
    {
      "rolls": 1,
      "conditions": [
        {
          "condition": "entity_properties",
          "entity": "this",
          "predicate": {
            "type": "pillager"
          }
        }
      ],
      "functions": [
        {
          "function": "set_custom_data",
          "tag": "{advancedmobs_pillager:1b}"
        }
      ],
      "entries": [
        {
          "type": "minecraft:item",
          "name": "minecraft:stone",
          "functions": [
            {
              "function": "minecraft:set_custom_data",
              "tag": "{advancedmobs_advancedmobs:[\"advancedmobs_ssc\",\"advancedmobs_shotgun\"]}"
            }
          ],
          "weight": 1
        },
        {
          "type": "minecraft:item",
          "name": "minecraft:stone",
          "functions": [
            {
              "function": "minecraft:set_custom_data",
              "tag": "{advancedmobs_advancedmobs:[\"advancedmobs_ssc\",\"advancedmobs_sniper\"]}"
            }
          ],
          "weight": 1
        },
        {
          "type": "minecraft:item",
          "name": "minecraft:stone",
          "functions": [
            {
              "function": "minecraft:set_custom_data",
              "tag": "{advancedmobs_advancedmobs:[\"advancedmobs_ssc\",\"advancedmobs_gate\"]}"
            }
          ],
          "weight": 1
        }
      ]
    },
    {
      "rolls": 1,
      "conditions": [
        {
          "condition": "entity_properties",
          "entity": "this",
          "predicate": {
            "type": "ghast"
          }
        }
      ],
      "functions": [
        {
          "function": "set_custom_data",
          "tag": "{advancedmobs_ghast:1b}"
        }
      ],
      "entries": [
        {
          "type": "minecraft:item",
          "name": "minecraft:stone",
          "functions": [
            {
              "function": "minecraft:set_custom_data",
              "tag": "{advancedmobs_advancedmobs:[\"advancedmobs_ssc\",\"advancedmobs_ghast_bomber\"]}"
            }
          ],
          "weight": 1
        },
        {
          "type": "minecraft:item",
          "name": "minecraft:stone",
          "functions": [
            {
              "function": "minecraft:set_custom_data",
              "tag": "{advancedmobs_advancedmobs:[\"advancedmobs_ssc\",\"advancedmobs_ghast_gunship\"]}"
            }
          ],
          "weight": 1
        }
      ]
    }
  ]
}