{
  "pools": [
    { "rolls": 1, "entries": [{ "type": "minecraft:loot_table", "value": "svm_ep:items/power_chooser" }] },
    { "rolls": 1, "entries": [{ "type": "minecraft:loot_table", "value": "svm_ep:items/power_reseter" }] },
    { "rolls": 1, "entries": [{ "type": "minecraft:loot_table", "value": "svm_ep:items/hardened_sword" }] },
    { "rolls": 1, "entries": [{ "type": "minecraft:loot_table", "value": "svm_ep:items/gauntlet" }] },
    { "rolls": 1, "entries": [{ "type": "minecraft:loot_table", "value": "svm_ep:items/rainbow_paper" }] },

    { "rolls": 1, "entries": [{ "type": "minecraft:loot_table", "value": "svm_ep:items/golden/beetroot" }] },
    { "rolls": 1, "entries": [{ "type": "minecraft:loot_table", "value": "svm_ep:items/golden/bone" }] },
    { "rolls": 1, "entries": [{ "type": "minecraft:loot_table", "value": "svm_ep:items/golden/eye" }] },
    { "rolls": 1, "entries": [{ "type": "minecraft:loot_table", "value": "svm_ep:items/golden/flesh" }] },
    { "rolls": 1, "entries": [{ "type": "minecraft:loot_table", "value": "svm_ep:items/golden/heart" }] },
    { "rolls": 1, "entries": [{ "type": "minecraft:loot_table", "value": "svm_ep:items/golden/pearl" }] },
    { "rolls": 1, "entries": [{ "type": "minecraft:loot_table", "value": "svm_ep:items/golden/steak" }] },

    { "rolls": 1, "entries": [{ "type": "minecraft:loot_table", "value": "svm_ep:items/scroll/fire_arrow_learn" }] },
    { "rolls": 1, "entries": [{ "type": "minecraft:loot_table", "value": "svm_ep:items/scroll/repel_zone_learn" }] },

    { "rolls": 1, "entries": [{ "type": "minecraft:loot_table", "value": "svm_ep:items/style_scroll_sword" }] },
    { "rolls": 1, "entries": [{ "type": "minecraft:loot_table", "value": "svm_ep:items/style_scroll_slash" }] },

    { "rolls": 1, "entries": [{ "type": "minecraft:loot_table", "value": "svm_ep:block/item/paradise_connector" }] },
    { "rolls": 1, "entries": [{ "type": "minecraft:loot_table", "value": "svm_ep:block/item/swordsmen_spawner" }] },

    { "rolls": 1, "entries": [{ "type": "minecraft:loot_table", "value": "svm_ep:items/ability/cherry_blessing" }] },
    { "rolls": 1, "entries": [{ "type": "minecraft:loot_table", "value": "svm_ep:items/ability/gravity_inverter" }] },
    { "rolls": 1, "entries": [{ "type": "minecraft:loot_table", "value": "svm_ep:items/ability/lightning_flash" }] },
    { "rolls": 1, "entries": [{ "type": "minecraft:loot_table", "value": "svm_ep:items/ability/phasing_distortion" }] },
    { "rolls": 1, "entries": [{ "type": "minecraft:loot_table", "value": "svm_ep:items/ability/piercing_thorns" }] },
    { "rolls": 1, "entries": [{ "type": "minecraft:loot_table", "value": "svm_ep:items/ability/thunder_shot" }] },
    { "rolls": 1, "entries": [{ "type": "minecraft:loot_table", "value": "svm_ep:items/ability/weight_neutralizer" }] },


    { "rolls": 1, "entries": [{ "type": "minecraft:loot_table", "value": "svm_ep:items/black_katana" }] },
    { "rolls": 1, "entries": [{ "type": "minecraft:loot_table", "value": "svm_ep:items/white_katana" }] },
    { "rolls": 1, "entries": [{ "type": "minecraft:loot_table", "value": "svm_ep:items/wooden_katana" }] },
    { "rolls": 1, "entries": [{ "type": "minecraft:loot_table", "value": "svm_ep:items/wood_katana" }] },
    { "rolls": 1, "entries": [{ "type": "minecraft:loot_table", "value": "svm_ep:items/gold_katana" }] },
    { "rolls": 1, "entries": [{ "type": "minecraft:loot_table", "value": "svm_ep:items/demon_katana" }] },
    { "rolls": 1, "entries": [{ "type": "minecraft:loot_table", "value": "svm_ep:items/golden_katana" }] },
    { "rolls": 1, "entries": [{ "type": "minecraft:loot_table", "value": "svm_ep:items/ice_katana" }] },
    { "rolls": 1, "entries": [{ "type": "minecraft:loot_table", "value": "svm_ep:items/rgb_katana" }] },
    { "rolls": 1, "entries": [{ "type": "minecraft:loot_table", "value": "svm_ep:items/frosted_katana" }] },
    { "rolls": 1, "entries": [{ "type": "minecraft:loot_table", "value": "svm_ep:items/leaf_katana" }] },
    { "rolls": 1, "entries": [{ "type": "minecraft:loot_table", "value": "svm_ep:items/thunder_katana" }] },
    { "rolls": 1, "entries": [{ "type": "minecraft:loot_table", "value": "svm_ep:items/water_katana" }] },
    { "rolls": 1, "entries": [{ "type": "minecraft:loot_table", "value": "svm_ep:items/fire_katana" }] },
    { "rolls": 1, "entries": [{ "type": "minecraft:loot_table", "value": "svm_ep:items/warped_katana" }] },
    { "rolls": 1, "entries": [{ "type": "minecraft:loot_table", "value": "svm_ep:items/creeper_katana" }] },
    { "rolls": 1, "entries": [{ "type": "minecraft:loot_table", "value": "svm_ep:items/cherry_katana" }] },
    { "rolls": 1, "entries": [{ "type": "minecraft:loot_table", "value": "svm_ep:items/thunder_katana_charged" }] },
    { "rolls": 1, "entries": [{ "type": "minecraft:loot_table", "value": "svm_ep:items/murasama" }] },
    { "rolls": 1, "entries": [{ "type": "minecraft:loot_table", "value": "svm_ep:items/holy_blade" }] },
    { "rolls": 1, "entries": [{ "type": "minecraft:loot_table", "value": "svm_ep:items/northern_blade" }] },
    { "rolls": 1, "entries": [{ "type": "minecraft:loot_table", "value": "svm_ep:items/alien_katana" }] },
    { "rolls": 1, "entries": [{ "type": "minecraft:loot_table", "value": "svm_ep:items/moon_katana" }] },
    { "rolls": 1, "entries": [{ "type": "minecraft:loot_table", "value": "svm_ep:items/void_blade" }] },
    { "rolls": 1, "entries": [{ "type": "minecraft:loot_table", "value": "svm_ep:items/big_blade" }] }
  ]
}
