[
  {
    "condition": "entity_scores",
    "entity": "this",
    "scores": {
      "advancedmobs_xp": {
        "max": 100000000,
        "min": 0
      }
    }
  },
  {
    "condition": "inverted",
    "term": {
      "condition": "entity_properties",
      "entity": "this",
      "predicate": {
        "nbt": "{Tags:[\"advancedmobs_ssc\"]}"
      }
    }
  },
  {
    "condition": "inverted",
    "term": {
      "condition": "entity_properties",
      "entity": "this",
      "predicate": {
        "nbt": "{Tags:[\"advancedmobs_spawn\"]}"
      }
    }
  }
]