{
  "condition": "any_of",
  "terms": [
    {
      "condition": "entity_properties",
      "entity": "this",
      "predicate": {
        "type": "area_effect_cloud",
        "nbt": "{Tags:[\"advancedmobs_web\"]}"
      }
    },
    {
      "condition": "entity_properties",
      "entity": "this",
      "predicate": {
        "type": "area_effect_cloud",
        "nbt": "{Tags:[\"advancedmobs_furnace\"]}"
      }
    },
    {
      "condition": "entity_properties",
      "entity": "this",
      "predicate": {
        "type": "#advancedmobs:2",
        "nbt": "{Tags:[\"advancedmobs_throw\"]}"
      }
    },
    {
      "condition": "entity_properties",
      "entity": "this",
      "predicate": {
        "type": "item",
        "nbt": "{Tags:[\"advancedmobs_silverfish\"]}"
      }
    },
    {
      "condition": "entity_properties",
      "entity": "this",
      "predicate": {
        "type": "item",
        "nbt": "{Item:{components:{\"minecraft:custom_data\":{advancedmobs_silverfish:1b}}}}"
      }
    },
    {
      "condition": "entity_properties",
      "entity": "this",
      "predicate": {
        "type": "shulker_bullet",
        "nbt": "{Tags:[\"advancedmobs_wizard\"]}"
      }
    },
    {
      "condition": "entity_properties",
      "entity": "this",
      "predicate": {
        "type": "small_fireball",
        "nbt": "{Tags:[\"advancedmobs_burst_blaze3\"]}"
      }
    },
    {
      "condition": "entity_properties",
      "entity": "this",
      "predicate": {
        "type": "area_effect_cloud",
        "nbt": "{Tags:[\"advancedmobs_burst_blaze3\"]}"
      }
    },
    {
      "condition": "entity_properties",
      "entity": "this",
      "predicate": {
        "type": "marker",
        "nbt": "{Tags:[\"advancedmobs_necromancer_m\"]}"
      }
    },
    {
      "condition": "all_of",
      "terms": [
        {
          "condition": "entity_properties",
          "entity": "this",
          "predicate": {
            "nbt": "{Tags:[\"advancedmobs_wither_wizard_J\"]}",
            "type": "item_display"
          }
        },
        {
          "condition": "reference",
          "name": "advancedmobs:nov"
        }
      ]
    },
    {
      "condition": "all_of",
      "terms": [
        {
          "condition": "entity_properties",
          "entity": "this",
          "predicate": {
            "nbt": "{Tags:[\"advancedmobs_wither_wizard_J\"]}",
            "type": "potion"
          }
        },
        {
          "condition": "reference",
          "name": "advancedmobs:ss/speed0"
        }
      ]
    },
    {
      "condition": "all_of",
      "terms": [
        {
          "condition": "reference",
          "name": "advancedmobs:nov"
        },
        {
          "condition": "entity_properties",
          "entity": "this",
          "predicate": {
            "type": "item_display",
            "nbt": "{Tags:[\"advancedmobs_dlM\"]}"
          }
        }
      ]
    },
    {
      "condition": "all_of",
      "terms": [
        {
          "condition": "reference",
          "name": "advancedmobs:nov"
        },
        {
          "condition": "entity_properties",
          "entity": "this",
          "predicate": {
            "type": "item_display",
            "nbt": "{Tags:[\"advancedmobs_bigblock0\"]}"
          }
        }
      ]
    },
    {
      "condition": "entity_properties",
      "entity": "this",
      "predicate": {
        "type": "marker",
        "nbt": "{Tags:[\"advancedmobs_ice0\"]}"
      }
    },
    {
      "condition": "all_of",
      "terms": [
        {
          "condition": "reference",
          "name": "advancedmobs:nov"
        },
        {
          "condition": "entity_properties",
          "entity": "this",
          "predicate": {
            "type": "block_display",
            "nbt": "{Tags:[\"advancedmobs_doctor0\"]}"
          }
        }
      ]
    },
    {
      "condition": "entity_properties",
      "entity": "this",
      "predicate": {
        "type": "item",
        "nbt": "{Item:{id:\"minecraft:zombie_head\",count:1}}"
      }
    },
    {
      "condition": "entity_properties",
      "entity": "this",
      "predicate": {
        "type": "squid",
        "nbt": "{Tags:[\"advancedmobs_octo_s\"]}"
      }
    },
    {
      "condition": "entity_properties",
      "entity": "this",
      "predicate": {
        "type": "item",
        "nbt": "{Item:{components:{\"minecraft:custom_data\":{advancedmobs_octo:1b}}}}"
      }
    },
    {
      "condition": "entity_properties",
      "entity": "this",
      "predicate": {
        "type": "item",
        "nbt": "{Item:{components:{\"minecraft:custom_data\":{advancedmobs_slime:1b}}}}"
      }
    },
    {
      "condition": "entity_properties",
      "entity": "this",
      "predicate": {
        "type": "arrow",
        "nbt": "{Tags:[\"advancedmobs_shotgunJ\"]}"
      }
    },
    {
      "condition": "all_of",
      "terms": [
        {
          "condition": "entity_properties",
          "entity": "this",
          "predicate": {
            "nbt": "{Tags:[\"advancedmobs_nov\"]}"
          }
        },
        {
          "condition": "reference",
          "name": "advancedmobs:nov"
        }
      ]
    }
  ]
}