[
  {
    "condition": "entity_properties",
    "entity": "this",
    "predicate": {
      "targeted_entity": {}
    }
  },
  {
    "condition": "inverted",
    "term": {
      "condition": "entity_properties",
      "entity": "this",
      "predicate": {
        "nbt": "{Tags:[\"advancedmobs_noai\"]}"
      }
    }
  },
  {
    "condition": "inverted",
    "term": {
      "condition": "entity_properties",
      "entity": "this",
      "predicate": {
        "targeted_entity": {
          "type": [
            "villager"
          ]
        }
      }
    }
  }
]