{
  "type": "svm_ep:cave",
  "generator": {
    "type": "minecraft:noise",
    "settings": "svm_ep:cave",
    "biome_source": {
      "type": "minecraft:multi_noise",
      "biomes": [
        {
          "biome": "svm_ep:cave/sculk_abyss",
          "parameters": {
            "temperature": 0,
            "humidity": 0.2,
            "continentalness": 0,
            "erosion": 0,
            "weirdness": 0,
            "depth": 0,
            "offset": 0.15
          }
        },
        {
          "biome": "svm_ep:cave/amethyst_fields",
          "parameters": {
            "temperature": 0.15,
            "humidity": 0.1,
            "continentalness": 0,
            "erosion": 0,
            "weirdness": -0.2,
            "depth": 0,
            "offset": 0.15
          }
        },
        {
          "biome": "svm_ep:cave/weeping_forest",
          "parameters": {
            "temperature": 0.25,
            "humidity": -0.4,
            "continentalness": 0,
            "erosion": 0,
            "weirdness": 0,
            "depth": 0,
            "offset": 0.25
          }
        },
        {
          "biome": "svm_ep:cave/sculk_abyss",
          "parameters": {
            "temperature": 0.22,
            "humidity": 0.3,
            "continentalness": 0,
            "erosion": 0,
            "weirdness": 0,
            "depth": 0,
            "offset": 0.25
          }
        }
      ]
    }
  }
}
