{
  "type": "svm_ep:paradise",
  "generator": {
    "type": "minecraft:noise",
    "settings": "svm_ep:paradise",
    "biome_source": {
      "type": "minecraft:multi_noise",
      "biomes": [
        {
          "biome": "svm_ep:pine_kingdom",
          "parameters": {
            "temperature": -0.7,
            "humidity": 0,
            "continentalness": 0,
            "erosion": 0,
            "weirdness": 0,
            "depth": 0,
            "offset": 0.6
          }
        },
        {
          "biome": "svm_ep:sniffed_meadow",
          "parameters": {
            "temperature": 0.5,
            "humidity": -0.15,
            "continentalness": 0,
            "erosion": 0,
            "weirdness": 0,
            "depth": 0,
            "offset": 0
          }
        },
        {
          "biome": "svm_ep:wosterland",
          "parameters": {
            "temperature": 0.3,
            "humidity": 0.3,
            "continentalness": 0,
            "erosion": 0,
            "weirdness": 0.2,
            "depth": 0,
            "offset": 0.4
          }
        },
        {
          "biome": "svm_ep:plains",
          "parameters": {
            "temperature": 0.4,
            "humidity": -0.2,
            "continentalness": 0,
            "erosion": 0,
            "weirdness": 0,
            "depth": 0,
            "offset": 0
          }
        },
        {
          "biome": "svm_ep:forest",
          "parameters": {
            "temperature": 0.35,
            "humidity": 0.35,
            "continentalness": 0,
            "erosion": 0,
            "weirdness": 0,
            "depth": 0,
            "offset": 0
          }
        },
        {
          "biome": "svm_ep:modified_jungle",
          "parameters": {
            "temperature": 0.5,
            "humidity": 0.5,
            "continentalness": 0.3,
            "erosion": 0,
            "weirdness": 0,
            "depth": 0,
            "offset": 0
          }
        }
      ]
    }
  }
}
