{
  "display": {
    "icon": {
      "id": "minecraft:warped_fungus_on_a_stick",
      "components": {
        "minecraft:item_model": "svm_ep:katana"
      }
    },
    "title": {
      "text": "Hard as rock",
      "color": "white",
      "bold": false
    },
    "description": {
      "text": "Craft a Katana in smithing table with iron sword, lava bucket and anvil",
      "color": "green",
      "bold": false,
      "italic": false
    },
    "show_toast": true,
    "announce_to_chat": true,
    "hidden": false
  },
  "parent": "svm_ep:storyline/root",
  "criteria": {
    "requirement": {
      "trigger": "minecraft:impossible"
    }
  },
  "rewards": {
    "function": "svm_ep:advancements/generic_reward",
    "recipes": [
      "svm_ep:sharpening_pebble",
      "svm_ep:rainbow_paper"
    ]
  }
}