{
  "display": {
    "icon": {
      "id": "minecraft:warped_fungus_on_a_stick",
      "components": {
        "minecraft:item_model": "svm_ep:katana_mountain"
      }
    },
    "title": {
      "text": "Mighty High!",
      "color": "white",
      "bold": false
    },
    "description": {
      "text": "Craft a Hardened Sword at Y level of over 200",
      "color": "green",
      "bold": false,
      "italic": false
    },
    "show_toast": true,
    "announce_to_chat": true,
    "hidden": false
  },
  "parent": "svm_ep:storyline/craft_hardened",
  "criteria": {
    "requirement": {
      "trigger": "minecraft:impossible"
    }
  },
  "rewards": {
    "function": "svm_ep:advancements/generic_reward"
  }
}
