{
  "display": {
    "icon": {
      "id": "minecraft:golden_boots"
    },
    "title": {
      "text": "Wonderful Journey",
      "color": "white",
      "bold": false
    },
    "description": {
      "text": "Explore all Paradise Biomes",
      "color": "dark_purple",
      "bold": false,
      "italic": false
    },
    "frame": "challenge",
    "show_toast": true,
    "announce_to_chat": true,
    "hidden": false
  },
  "parent": "svm_ep:storyline/travel_paradise",
  "criteria": {
    "svm_ep:modified_jungle": {
      "conditions": {
        "player": [
          {
            "condition": "minecraft:entity_properties",
            "entity": "this",
            "predicate": {
              "location": {
                "biomes": "svm_ep:modified_jungle"
              }
            }
          }
        ]
      },
      "trigger": "minecraft:location"
    },
    "svm_ep:forest": {
      "conditions": {
        "player": [
          {
            "condition": "minecraft:entity_properties",
            "entity": "this",
            "predicate": {
              "location": {
                "biomes": "svm_ep:forest"
              }
            }
          }
        ]
      },
      "trigger": "minecraft:location"
    },
    "svm_ep:plains": {
      "conditions": {
        "player": [
          {
            "condition": "minecraft:entity_properties",
            "entity": "this",
            "predicate": {
              "location": {
                "biomes": "svm_ep:plains"
              }
            }
          }
        ]
      },
      "trigger": "minecraft:location"
    },
    "svm_ep:sniffed_meadow": {
      "conditions": {
        "player": [
          {
            "condition": "minecraft:entity_properties",
            "entity": "this",
            "predicate": {
              "location": {
                "biomes": "svm_ep:sniffed_meadow"
              }
            }
          }
        ]
      },
      "trigger": "minecraft:location"
    },
    "svm_ep:wosterland": {
      "conditions": {
        "player": [
          {
            "condition": "minecraft:entity_properties",
            "entity": "this",
            "predicate": {
              "location": {
                "biomes": "svm_ep:wosterland"
              }
            }
          }
        ]
      },
      "trigger": "minecraft:location"
    },
    "svm_ep:pine_kingdom": {
      "conditions": {
        "player": [
          {
            "condition": "minecraft:entity_properties",
            "entity": "this",
            "predicate": {
              "location": {
                "biomes": "svm_ep:pine_kingdom"
              }
            }
          }
        ]
      },
      "trigger": "minecraft:location"
    }
  },
  "requirements": [
    [
      "svm_ep:modified_jungle"
    ],
    [
      "svm_ep:forest"
    ],
    [
      "svm_ep:plains"
    ],
    [
      "svm_ep:sniffed_meadow"
    ],
    [
      "svm_ep:wosterland"
    ],
    [
      "svm_ep:pine_kingdom"
    ]
  ],
  "rewards": {
    "function": "svm_ep:advancements/generic_reward"
  }
}
