{
  "display": {
    "icon": {
      "id": "minecraft:clay_ball"
    },
    "title": {
      "text": "Ruins... but clay?",
      "color": "white",
      "bold": false
    },
    "description": {
      "text": "Find Clay Ruins",
      "color": "green",
      "bold": false,
      "italic": false
    },
    "show_toast": true,
    "announce_to_chat": true,
    "hidden": false
  },
  "parent": "svm_ep:storyline/travel_paradise",
  "criteria": {
    "find_clay_colloseum": {
      "trigger": "minecraft:location",
      "conditions": {
        "player": [
          {
            "condition": "minecraft:entity_properties",
            "entity": "this",
            "predicate": {
              "location": {
                "structures": "svm_ep:clay_colloseum"
              }
            }
          }
        ]
      }
    }
  },
  "requirements": [
    [
      "find_clay_colloseum"
    ]
  ],
  "rewards": {
    "function": "svm_ep:advancements/generic_reward"
  }
}
