{
  "display": {
    "icon": {
      "id": "minecraft:clock"
    },
    "title": {
      "text": "Phasing Time",
      "color": "white",
      "bold": false
    },
    "description": {
      "text": "Find a Clock Tower",
      "color": "green",
      "bold": false,
      "italic": false
    },
    "show_toast": true,
    "announce_to_chat": true,
    "hidden": false
  },
  "parent": "svm_ep:storyline/travel_paradise",
  "criteria": {
    "requirement": {
      "trigger": "minecraft:location",
      "conditions": {
        "player": [
          {
            "condition": "minecraft:entity_properties",
            "entity": "this",
            "predicate": {
              "location": {
                "structures": "svm_ep:clock_tower"
              }
            }
          }
        ]
      }
    }
  },
  "rewards": {
    "function": "svm_ep:advancements/generic_reward"
  }
}
