{
  "display": {
    "icon": {
      "id": "minecraft:blaze_powder"
    },
    "title": {
      "text": "Blazing Heart",
      "color": "white",
      "bold": false
    },
    "description": {
      "text": "Obtain a Fire Katana",
      "color": "green",
      "bold": false,
      "italic": false
    },
    "frame": "goal",
    "show_toast": true,
    "announce_to_chat": true,
    "hidden": false
  },
  "parent": "svm_ep:storyline/get_katana_skin",
  "criteria": {
    "get_fire_katana": {
      "trigger": "minecraft:inventory_changed",
      "conditions": {
        "player": [],
        "items": [
          {
            "items": [
              "minecraft:warped_fungus_on_a_stick"
            ],
            "predicates": {
              "minecraft:custom_data": "{svm_ep.katana_fire:1b}"
            }
          }
        ]
      }
    }
  },
  "requirements": [
    [
      "get_fire_katana"
    ]
  ],
  "rewards": {
    "function": "svm_ep:advancements/generic_reward"
  }
}