{
  "display": {
    "icon": {
      "id": "minecraft:smithing_table"
    },
    "title": {
      "text": "Smithing a New Look",
      "color": "white",
      "bold": false
    },
    "description": {
      "text": "Use Rainbow Paper on Katana",
      "color": "green",
      "bold": false,
      "italic": false
    },
    "show_toast": true,
    "announce_to_chat": true,
    "hidden": false
  },
  "parent": "svm_ep:storyline/craft_hardened",
  "criteria": {
    "requirement": {
      "trigger": "minecraft:impossible"
    }
  },
  "rewards": {
    "function": "svm_ep:advancements/generic_reward"
  }
}
