{
  "display": {
    "icon": {
      "id": "minecraft:flower_banner_pattern"
    },
    "title": {
      "text": "Special Talent",
      "color": "white",
      "bold": false
    },
    "description": {
      "text": "Obtain a power using a Power Scroll or Golden Flesh",
      "color": "green",
      "bold": false,
      "italic": false
    },
    "show_toast": true,
    "announce_to_chat": true,
    "hidden": false
  },
  "parent": "svm_ep:storyline/root",
  "criteria": {
    "requirement": {
      "trigger": "minecraft:impossible"
    }
  },
  "rewards": {
    "function": "svm_ep:advancements/generic_reward",
    "recipes": [
      "svm_ep:power_reseter"
    ]
  }
}
