{
  "display": {
    "icon": {
      "id": "minecraft:zombie_head"
    },
    "title": {
      "text": "Over-Powered",
      "color": "white",
      "bold": false
    },
    "description": {
      "text": "Kill a mob who has super powers",
      "color": "green",
      "bold": false,
      "italic": false
    },
    "show_toast": true,
    "announce_to_chat": true,
    "hidden": false
  },
  "parent": "svm_ep:storyline/root",
  "criteria": {
    "kill_power_user_non_player": {
      "trigger": "minecraft:player_killed_entity",
      "conditions": {
        "entity": {
          "team": "svm_ep.power_user_mob"
        }
      }
    }
  },
  "rewards": {
    "function": "svm_ep:advancements/generic_reward"
  }
}