{
  "display": {
    "icon": {
      "id": "minecraft:redstone"
    },
    "title": {
      "text": "Swordsmen Hunter",
      "color": "white",
      "bold": false
    },
    "description": {
      "text": "Kill a swordsmen mob",
      "color": "green",
      "bold": false,
      "italic": false
    },
    "show_toast": true,
    "announce_to_chat": true,
    "hidden": false
  },
  "parent": "svm_ep:storyline/root",
  "criteria": {
    "kill_swordsmen_mob": {
      "trigger": "minecraft:player_killed_entity",
      "conditions": {
        "entity": {
          "team": "svm_ep.swordsmen_mob"
        }
      }
    }
  },
  "rewards": {
    "function": "svm_ep:advancements/generic_reward",
    "recipes": [
      "svm_ep:hardened_sword"
    ]
  }
}