{
  "display": {
    "icon": {
      "id": "minecraft:iron_sword"
    },
    "title": {
      "text": "Awaken from treasure",
      "color": "white",
      "bold": false
    },
    "description": {
      "text": "Drop a diamond, amethyst or copper ingot at a spawner in clay colloseum",
      "color": "green",
      "bold": false,
      "italic": false
    },
    "show_toast": true,
    "announce_to_chat": true,
    "hidden": false
  },
  "parent": "svm_ep:storyline/find_clay_colloseum",
  "criteria": {
    "impossible": {
      "trigger": "minecraft:impossible"
    }
  },
  "rewards": {
    "function": "svm_ep:advancements/generic_reward"
  }
}