{
  "display": {
    "icon": {
      "id": "minecraft:warped_fungus_on_a_stick",
      "components": {
        "minecraft:item_model": "svm_ep:icon/sword_style"
      }
    },
    "title": {
      "text": "Sword Mastery",
      "color": "white",
      "bold": false
    },
    "description": {
      "text": "Learn sword style from a scroll dropped from swordmen zombies",
      "color": "green",
      "bold": false,
      "italic": false
    },
    "show_toast": true,
    "announce_to_chat": true,
    "hidden": false
  },
  "parent": "svm_ep:storyline/craft_hardened",
  "criteria": {
    "requirement": {
      "trigger": "minecraft:impossible"
    }
  },
  "rewards": {
    "function": "svm_ep:advancements/generic_reward"
  }
}