{
  "display": {
    "icon": {
      "id": "minecraft:emerald_block"
    },
    "title": {
      "text": "Business of The Paradise"
    },
    "description": {
      "text": "Trade with a Paradise Trader",
      "color": "green"
    },
    "frame": "challenge",
    "show_toast": true,
    "announce_to_chat": true,
    "hidden": false
  },
  "parent": "svm_ep:storyline/travel_paradise",
  "criteria": {
    "kill_entity": {
      "trigger": "minecraft:villager_trade",
      "conditions": {
        "villager": {
          "nbt": "{Tags:[\"svm_ep.npc_paradise_trader\"]}"
        }
      }
    }
  },
  "requirements": [
    [
      "kill_entity"
    ]
  ],
  "rewards": {
    "function": "svm_ep:advancements/generic_reward"
  }
}