{
  "type": "minecraft:entity",
  "pools": [
    {
      "rolls": 1,
      "entries": [
        {
          "type": "minecraft:item",
          "name": "minecraft:tropical_fish",
          "functions": [
            {
              "function": "minecraft:set_name",
              "entity": "this",
              "name": {
                "text": "Golden Beetroot",
                "color": "gold",
                "bold": false,
                "italic": false
              }
            },
            {
              "function": "minecraft:set_components",
              "components": {
                "minecraft:food": {
                  "nutrition": 6,
                  "saturation": 12,
                  "can_always_eat": true
                },
                "minecraft:consumable": {
                  "consume_seconds": 1,
                  "animation": "eat"
                }
              }
            },
            {
              "function": "minecraft:set_custom_data",
              "tag": "{svm_ep.golden_beetroot:1b,svm_ep.golden_food:1b}"
            },
            {
              "function": "minecraft:set_components",
              "components": {
                "minecraft:item_model": "svm_ep:golden/beetroot"
              }
            },
            {
              "function": "minecraft:set_lore",
              "entity": "this",
              "lore": [
                {
                  "text": "- For health!",
                  "color": "gray",
                  "bold": true,
                  "italic": true
                },
                {
                  "text": "| Removes poison, gives haste",
                  "color": "gray",
                  "italic": false
                },
                {
                  "text": "| and enhances regeneration for an hour",
                  "color": "gray",
                  "italic": false
                }
              ],
              "mode": "replace_all"
            }
          ]
        }
      ]
    }
  ]
}