{
  "pools": [
    {
      "rolls": 1,
      "entries": [
        {
          "type": "minecraft:item",
          "name": "minecraft:warped_fungus_on_a_stick",
          "functions": [
            {
              "function": "minecraft:set_attributes",
              "modifiers": [
                {
                  "id": "def",
                  "attribute": "minecraft:attack_speed",
                  "amount": -0.35,
                  "operation": "add_value",
                  "slot": "mainhand"
                },
                {
                  "id": "def",
                  "attribute": "minecraft:attack_damage",
                  "amount": 1,
                  "operation": "add_value",
                  "slot": "mainhand"
                }
              ]
            },
            {
              "function": "minecraft:set_name",
              "name": {
                "text": "Gravity Inverter",
                "color": "#dafffe",
                "italic": false
              }
            },
            {
              "function": "minecraft:set_custom_data",
              "tag": "{svm_ep.item_ability_to_apply:{id:gravity_inverter}}"
            },
            {
              "function": "minecraft:set_components",
              "components": {
                "minecraft:item_model": "svm_ep:knowledge_scroll"
              }
            },
            {
              "function": "minecraft:set_lore",
              "entity": "this",
              "lore": [
                {
                  "text": "- Item Ability",
                  "color": "gray",
                  "bold": true,
                  "italic": true
                },
                {
                  "text": "| Put in offhand, then double-shift-click to apply to an item in your mainhand",
                  "color": "gray",
                  "italic": false
                }
              ],
              "mode": "replace_all"
            }
          ]
        }
      ]
    }
  ]
}
