{
  "type": "minecraft:empty",
  "pools": [
    {
      "rolls": 1,
      "entries": [
        {
          "type": "minecraft:item",
          "name": "minecraft:warped_fungus_on_a_stick",
          "functions": [
            {
              "function": "minecraft:set_custom_data",
              "tag": {
                "using_item": {
                  "mainhand": {
                    "command": "tp @s ^ ^ ^15"
                  }
                },
                "player_hurt_entity": {
                  "mainhand": {
                    "show_cooldown": {},
                    "command": "execute at @e[distance=0.01..15] run summon minecraft:evoker_fangs",
                    "cooldown": {
                      "length": 50
                    }
                  }
                },
                "entity_hurt_player": {
                  "mainhand": {
                    "show_cooldown": {},
                    "command": "execute at @s as @e[distance=0.1..7] run damage @s 15 minecraft:mob_attack by @n",
                    "cooldown": {
                      "length": 50
                    }
                  }
                },
                "tick": {
                  "offhand": {
                    "show_cooldown": {},
                    "swap_items_on_trigger": {},
                    "command": "say swap",
                    "cooldown": {
                      "length": 50
                    }
                  },
                  "mainhand": {
                    "command": "particle minecraft:end_rod ~ ~1 ~ 1 1 1 10 10"
                  }
                }
              }
            }
          ]
        }
      ]
    }
  ]
}