{
  "condition": "any_of",
  "terms": [
    {
      "condition": "entity_properties",
      "entity": "this",
      "predicate": {
        "type": "item",
        "nbt": "{Item:{id:\"minecraft:rotten_flesh\"}}"
      }
    },
    {
      "condition": "entity_properties",
      "entity": "this",
      "predicate": {
        "type": "item",
        "nbt": "{Item:{id:\"minecraft:bone\"}}"
      }
    },
    {
      "condition": "entity_properties",
      "entity": "this",
      "predicate": {
        "type": "item",
        "nbt": "{Item:{id:\"minecraft:arrow\"}}"
      }
    },
    {
      "condition": "entity_properties",
      "entity": "this",
      "predicate": {
        "type": "item",
        "nbt": "{Item:{id:\"minecraft:string\"}}"
      }
    },
    {
      "condition": "entity_properties",
      "entity": "this",
      "predicate": {
        "type": "item",
        "nbt": "{Item:{id:\"minecraft:spider_eye\"}}"
      }
    },
    {
      "condition": "entity_properties",
      "entity": "this",
      "predicate": {
        "type": "item",
        "nbt": "{Item:{id:\"minecraft:gunpowder\"}}"
      }
    },
    {
      "condition": "entity_properties",
      "entity": "this",
      "predicate": {
        "type": "item",
        "nbt": "{Item:{id:\"minecraft:ender_pearl\"}}"
      }
    },
    {
      "condition": "entity_properties",
      "entity": "this",
      "predicate": {
        "type": "item",
        "nbt": "{Item:{id:\"minecraft:blaze_rod\"}}"
      }
    },
    {
      "condition": "entity_properties",
      "entity": "this",
      "predicate": {
        "type": "item",
        "nbt": "{Item:{id:\"minecraft:wither_skeleton_skull\"}}"
      }
    },
    {
      "condition": "entity_properties",
      "entity": "this",
      "predicate": {
        "type": "item",
        "nbt": "{Item:{id:\"minecraft:rotten_flesh\"}}"
      }
    },
    {
      "condition": "entity_properties",
      "entity": "this",
      "predicate": {
        "type": "item",
        "nbt": "{Item:{id:\"minecraft:rotten_flesh\"}}"
      }
    },
    {
      "condition": "entity_properties",
      "entity": "this",
      "predicate": {
        "type": "item",
        "nbt": "{Item:{id:\"minecraft:tipped_arrow\"}}"
      }
    }
  ]
}