{
  "condition": "any_of",
  "terms": [
    {
      "condition": "entity_properties",
      "entity": "this",
      "predicate": {
        "nbt": "{Tags:[\"advancedmobs_disco\"]}"
      }
    },
    {
      "condition": "entity_properties",
      "entity": "this",
      "predicate": {
        "nbt": "{Tags:[\"advancedmobs_mg\"]}"
      }
    },
    {
      "condition": "entity_properties",
      "entity": "this",
      "predicate": {
        "nbt": "{Tags:[\"advancedmobs_ender\"]}"
      }
    },
    {
      "condition": "entity_properties",
      "entity": "this",
      "predicate": {
        "nbt": "{Tags:[\"advancedmobs_knight\"]}"
      }
    },
    {
      "condition": "entity_properties",
      "entity": "this",
      "predicate": {
        "nbt": "{Tags:[\"advancedmobs_wizard\"]}"
      }
    },
    {
      "condition": "entity_properties",
      "entity": "this",
      "predicate": {
        "nbt": "{Tags:[\"advancedmobs_silverfish\"]}"
      }
    },
    {
      "condition": "entity_properties",
      "entity": "this",
      "predicate": {
        "nbt": "{Tags:[\"advancedmobs_doctor\"]}"
      }
    },
    {
      "condition": "entity_properties",
      "entity": "this",
      "predicate": {
        "nbt": "{Tags:[\"advancedmobs_furnace\"]}"
      }
    },
    {
      "condition": "entity_properties",
      "entity": "this",
      "predicate": {
        "nbt": "{Tags:[\"advancedmobs_firework\"]}"
      }
    },
    {
      "condition": "entity_properties",
      "entity": "this",
      "predicate": {
        "nbt": "{Tags:[\"advancedmobs_caster\"]}"
      }
    }
  ]
}