{
  "condition": "any_of",
  "terms": [
    {
      "condition": "entity_properties",
      "entity": "this",
      "predicate": {
        "nbt": "{Tags:[\"advancedmobs_uav\"]}"
      }
    },
    {
      "condition": "entity_properties",
      "entity": "this",
      "predicate": {
        "nbt": "{Tags:[\"advancedmobs_thor\"]}"
      }
    },
    {
      "condition": "entity_properties",
      "entity": "this",
      "predicate": {
        "nbt": "{Tags:[\"advancedmobs_fang\"]}"
      }
    },
    {
      "condition": "entity_properties",
      "entity": "this",
      "predicate": {
        "nbt": "{Tags:[\"advancedmobs_wither_wizard\"]}"
      }
    },
    {
      "condition": "entity_properties",
      "entity": "this",
      "predicate": {
        "nbt": "{Tags:[\"advancedmobs_obsidian\"]}"
      }
    },
    {
      "condition": "entity_properties",
      "entity": "this",
      "predicate": {
        "nbt": "{Tags:[\"advancedmobs_anvil\"]}"
      }
    },
    {
      "condition": "entity_properties",
      "entity": "this",
      "predicate": {
        "nbt": "{Tags:[\"advancedmobs_pot\"]}"
      }
    },
    {
      "condition": "entity_properties",
      "entity": "this",
      "predicate": {
        "nbt": "{Tags:[\"advancedmobs_ice\"]}"
      }
    },
    {
      "condition": "entity_properties",
      "entity": "this",
      "predicate": {
        "nbt": "{Tags:[\"advancedmobs_dispenser\"]}"
      }
    },
    {
      "condition": "entity_properties",
      "entity": "this",
      "predicate": {
        "nbt": "{Tags:[\"advancedmobs_beacon\"]}"
      }
    }
  ]
}