{
  "condition": "any_of",
  "terms": [
    {
      "condition": "entity_properties",
      "entity": "this",
      "predicate": {
        "nbt": "{Tags:[\"advancedmobs_rocket\"]}"
      }
    },
    {
      "condition": "entity_properties",
      "entity": "this",
      "predicate": {
        "nbt": "{Tags:[\"advancedmobs_chorus\"]}"
      }
    },
    {
      "condition": "entity_properties",
      "entity": "this",
      "predicate": {
        "nbt": "{Tags:[\"advancedmobs_shadow\"]}"
      }
    },
    {
      "condition": "entity_properties",
      "entity": "this",
      "predicate": {
        "nbt": "{Tags:[\"advancedmobs_octo\"]}"
      }
    },
    {
      "condition": "entity_properties",
      "entity": "this",
      "predicate": {
        "nbt": "{Tags:[\"advancedmobs_slime\"]}"
      }
    },
    {
      "condition": "entity_properties",
      "entity": "this",
      "predicate": {
        "nbt": "{Tags:[\"advancedmobs_hogrider\"]}"
      }
    },
    {
      "condition": "entity_properties",
      "entity": "this",
      "predicate": {
        "nbt": "{Tags:[\"advancedmobs_lightningrod\"]}"
      }
    },
    {
      "condition": "entity_properties",
      "entity": "this",
      "predicate": {
        "nbt": "{Tags:[\"advancedmobs_troll\"]}"
      }
    },
    {
      "condition": "entity_properties",
      "entity": "this",
      "predicate": {
        "nbt": "{Tags:[\"advancedmobs_tumor\"]}"
      }
    },
    {
      "condition": "entity_properties",
      "entity": "this",
      "predicate": {
        "nbt": "{Tags:[\"advancedmobs_shotgun\"]}"
      }
    },
    {
      "condition": "entity_properties",
      "entity": "this",
      "predicate": {
        "nbt": "{Tags:[\"advancedmobs_sniper\"]}"
      }
    },
    {
      "condition": "entity_properties",
      "entity": "this",
      "predicate": {
        "nbt": "{Tags:[\"advancedmobs_gate\"]}"
      }
    },
    {
      "condition": "entity_properties",
      "entity": "this",
      "predicate": {
        "nbt": "{Tags:[\"advancedmobs_ghast_bomber\"]}"
      }
    },
    {
      "condition": "entity_properties",
      "entity": "this",
      "predicate": {
        "nbt": "{Tags:[\"advancedmobs_ghast_gunship\"]}"
      }
    }
  ]
}