{
  "type": "minecraft:entity",
  "pools": [
    {
      "rolls": 1,
      "entries": [
        {
          "type": "loot_table",
          "value": "advancedmobs:ss/xp"
        }
      ]
    },
    {
      "rolls": 1,
      "functions": [
        {
          "function": "set_count",
          "count": 1
        }
      ],
      "entries": [
        {
          "type": "item",
          "name": "music_disc_13"
        },
        {
          "type": "item",
          "name": "music_disc_cat"
        },
        {
          "type": "item",
          "name": "music_disc_blocks"
        },
        {
          "type": "item",
          "name": "music_disc_chirp"
        },
        {
          "type": "item",
          "name": "music_disc_far"
        },
        {
          "type": "item",
          "name": "music_disc_mall"
        },
        {
          "type": "item",
          "name": "music_disc_mellohi"
        },
        {
          "type": "item",
          "name": "music_disc_stal"
        },
        {
          "type": "item",
          "name": "music_disc_strad"
        },
        {
          "type": "item",
          "name": "music_disc_ward"
        },
        {
          "type": "item",
          "name": "music_disc_11"
        },
        {
          "type": "item",
          "name": "music_disc_wait"
        }
      ]
    }
  ]
}