{
  "type": "minecraft:entity",
  "pools": [
    {
      "rolls": 1,
      "entries": [
        {
          "type": "minecraft:item",
          "functions": [
            {
              "function": "minecraft:set_count",
              "count": {
                "min": 2.0,
                "max": 5.0,
                "type": "minecraft:uniform"
              }
            },
            {
              "count": {
                "type": "minecraft:constant",
                "value": 1.0
              },
              "enchantment": "minecraft:looting",
              "function": "minecraft:enchanted_count_increase"
            }
          ],
          "conditions": [
            {
              "condition": "inverted",
              "term": {
                "condition": "entity_properties",
                "entity": "this",
                "predicate": {
                  "equipment": {
                    "head": {
                      "items": [
                        "smoker"
                      ]
                    }
                  }
                }
              }
            }
          ],
          "name": "minecraft:coal"
        },
        {
          "type": "minecraft:item",
          "functions": [
            {
              "function": "minecraft:set_count",
              "count": {
                "min": 2.0,
                "max": 5.0,
                "type": "minecraft:uniform"
              }
            },
            {
              "count": {
                "type": "minecraft:constant",
                "value": 1.0
              },
              "enchantment": "minecraft:looting",
              "function": "minecraft:enchanted_count_increase"
            }
          ],
          "conditions": [
            {
              "condition": "entity_properties",
              "entity": "this",
              "predicate": {
                "equipment": {
                  "head": {
                    "items": [
                      "smoker"
                    ]
                  }
                }
              }
            }
          ],
          "name": "minecraft:charcoal"
        }
      ]
    },
    {
      "rolls": 1,
      "entries": [
        {
          "type": "loot_table",
          "value": "advancedmobs:ss/xp"
        }
      ]
    }
  ]
}