{
  "type": "minecraft:entity",
  "pools": [
    {
      "rolls": 1,
      "entries": [
        {
          "type": "minecraft:item",
          "name": "minecraft:ice",
          "functions": [
            {
              "function": "minecraft:set_count",
              "count": 9
            }
          ],
          "conditions": [
            {
              "condition": "inverted",
              "term": {
                "condition": "entity_properties",
                "entity": "this",
                "predicate": {
                  "nbt": "{Tags:[\"advancedmobs_plus\"]}"
                }
              }
            }
          ]
        },
        {
          "type": "minecraft:item",
          "name": "minecraft:blue_ice",
          "functions": [
            {
              "function": "minecraft:set_count",
              "count": 9
            }
          ],
          "conditions": [
            {
              "condition": "entity_properties",
              "entity": "this",
              "predicate": {
                "nbt": "{Tags:[\"advancedmobs_plus\"]}"
              }
            }
          ]
        }
      ]
    },
    {
      "rolls": 1,
      "entries": [
        {
          "type": "loot_table",
          "value": "advancedmobs:ss/xp"
        }
      ]
    }
  ]
}