{
    "functions": [
        {
            "function": "set_custom_data",
            "tag": "{advancedmobs_mgp:1b}"
        }
    ],
    "pools": [
        {
            "rolls": 1,
            "entries": [
                {
                    "type": "minecraft:item",
                    "name": "minecraft:stone",
                    "functions": [
                        {
                            "function": "minecraft:set_custom_data",
                            "tag": "{Potion:\"minecraft:night_vision\"}"
                        }
                    ],
                    "weight": 1
                },
                {
                    "type": "minecraft:item",
                    "name": "minecraft:stone",
                    "functions": [
                        {
                            "function": "minecraft:set_custom_data",
                            "tag": "{Potion:\"minecraft:invisibility\"}"
                        }
                    ],
                    "weight": 2
                },
                {
                    "type": "minecraft:item",
                    "name": "minecraft:stone",
                    "functions": [
                        {
                            "function": "minecraft:set_custom_data",
                            "tag": "{Potion:\"minecraft:leaping\"}"
                        }
                    ],
                    "weight": 1
                },
                {
                    "type": "minecraft:item",
                    "name": "minecraft:stone",
                    "functions": [
                        {
                            "function": "minecraft:set_custom_data",
                            "tag": "{Potion:\"minecraft:fire_resistance\"}"
                        }
                    ],
                    "weight": 1
                },
                {
                    "type": "minecraft:item",
                    "name": "minecraft:stone",
                    "functions": [
                        {
                            "function": "minecraft:set_custom_data",
                            "tag": "{Potion:\"minecraft:swiftness\"}"
                        }
                    ],
                    "weight": 1
                },
                {
                    "type": "minecraft:item",
                    "name": "minecraft:stone",
                    "functions": [
                        {
                            "function": "minecraft:set_custom_data",
                            "tag": "{Potion:\"minecraft:slowness\"}"
                        }
                    ],
                    "weight": 1
                },
                {
                    "type": "minecraft:item",
                    "name": "minecraft:stone",
                    "functions": [
                        {
                            "function": "minecraft:set_custom_data",
                            "tag": "{Potion:\"minecraft:water_breathing\"}"
                        }
                    ],
                    "weight": 1
                },
                {
                    "type": "minecraft:item",
                    "name": "minecraft:stone",
                    "functions": [
                        {
                            "function": "minecraft:set_custom_data",
                            "tag": "{Potion:\"minecraft:healing\"}"
                        }
                    ],
                    "weight": 1
                },
                {
                    "type": "minecraft:item",
                    "name": "minecraft:stone",
                    "functions": [
                        {
                            "function": "minecraft:set_custom_data",
                            "tag": "{Potion:\"minecraft:harming\"}"
                        }
                    ],
                    "weight": 1
                },
                {
                    "type": "minecraft:item",
                    "name": "minecraft:stone",
                    "functions": [
                        {
                            "function": "minecraft:set_custom_data",
                            "tag": "{Potion:\"minecraft:poison\"}"
                        }
                    ],
                    "weight": 1
                },
                {
                    "type": "minecraft:item",
                    "name": "minecraft:stone",
                    "functions": [
                        {
                            "function": "minecraft:set_custom_data",
                            "tag": "{Potion:\"minecraft:regeneration\"}"
                        }
                    ],
                    "weight": 1
                },
                {
                    "type": "minecraft:item",
                    "name": "minecraft:stone",
                    "functions": [
                        {
                            "function": "minecraft:set_custom_data",
                            "tag": "{Potion:\"minecraft:strength\"}"
                        }
                    ],
                    "weight": 1
                },
                {
                    "type": "minecraft:item",
                    "name": "minecraft:stone",
                    "functions": [
                        {
                            "function": "minecraft:set_custom_data",
                            "tag": "{Potion:\"minecraft:weakness\"}"
                        }
                    ],
                    "weight": 1
                },
                {
                    "type": "minecraft:item",
                    "name": "minecraft:stone",
                    "functions": [
                        {
                            "function": "minecraft:set_custom_data",
                            "tag": "{Potion:\"minecraft:slow_falling\"}"
                        }
                    ],
                    "weight": 1
                },
                {
                    "type": "minecraft:item",
                    "name": "minecraft:stone",
                    "functions": [
                        {
                            "function": "minecraft:set_custom_data",
                            "tag": "{Potion:\"minecraft:turtle_master\"}"
                        }
                    ],
                    "weight": 1
                }
            ]
        }
    ]
}