{
  "type": "minecraft:entity",
  "pools": [
    {
      "rolls": 1,
      "entries": [
        {
          "type": "minecraft:item",
          "functions": [
            {
              "function": "minecraft:set_count",
              "count": 1
            },
            {
              "function": "set_custom_data",
              "tag": "{advancedmobs_octo:1b,advancedmobs_plus:0b}",
              "conditions": [
                {
                  "condition": "inverted",
                  "term": {
                    "condition": "entity_properties",
                    "entity": "this",
                    "predicate": {
                      "nbt": "{Tags:[\"advancedmobs_plus\"]}"
                    }
                  }
                }
              ]
            },
            {
              "function": "set_custom_data",
              "tag": "{advancedmobs_octo:1b,advancedmobs_plus:1b}",
              "conditions": [
                {
                  "condition": "entity_properties",
                  "entity": "this",
                  "predicate": {
                    "nbt": "{Tags:[\"advancedmobs_plus\"]}"
                  }
                }
              ]
            }
          ],
          "name": "minecraft:ink_sac"
        }
      ]
    }
  ]
}