{
  "type": "minecraft:entity",
  "pools": [
    {
      "rolls": 1,
      "entries": [
        {
          "type": "minecraft:item",
          "functions": [
            {
              "function": "minecraft:set_count",
              "count": {
                "min": 1.0,
                "max": 2.0,
                "type": "minecraft:uniform"
              }
            },
            {
              "count": {
                "type": "minecraft:constant",
                "value": 1.0
              },
              "enchantment": "minecraft:looting",
              "function": "minecraft:enchanted_count_increase"
            }
          ],
          "name": "minecraft:silverfish_spawn_egg"
        }
      ]
    },
    {
      "rolls": 1,
      "entries": [
        {
          "type": "minecraft:item",
          "functions": [
            {
              "function": "minecraft:set_count",
              "count": 1
            },
            {
              "function": "set_custom_data",
              "tag": "{advancedmobs_silverfish:1b}"
            }
          ],
          "name": "minecraft:wooden_sword"
        }
      ]
    },
    {
      "rolls": 1,
      "entries": [
        {
          "type": "minecraft:item",
          "functions": [
            {
              "function": "minecraft:set_count",
              "count": 1
            },
            {
              "function": "set_custom_data",
              "tag": "{advancedmobs_silverfish:1b}"
            }
          ],
          "conditions": [
            {
              "condition": "entity_properties",
              "entity": "this",
              "predicate": {
                "nbt": "{Tags:[\"advancedmobs_plus\"]}"
              }
            }
          ],
          "name": "minecraft:wooden_sword"
        }
      ]
    },
    {
      "rolls": 1,
      "entries": [
        {
          "type": "loot_table",
          "value": "advancedmobs:ss/xp"
        }
      ]
    }
  ]
}