{
  "type": "minecraft:entity",
  "pools": [
    {
      "rolls": 1,
      "entries": [
        {
          "type": "minecraft:item",
          "functions": [
            {
              "function": "minecraft:set_count",
              "count": 1
            },
            {
              "function": "set_custom_data",
              "tag": "{advancedmobs_slime:1b,advancedmobs_plus:0b}"
            }
          ],
          "name": "minecraft:gunpowder"
        }
      ]
    },
    {
      "rolls": 1,
      "entries": [
        {
          "type": "minecraft:loot_table",
          "value": "minecraft:entities/creeper",
          "conditions": [
            {
              "condition": "entity_properties",
              "entity": "this",
              "predicate": {
                "type": "creeper"
              }
            }
          ]
        }
      ]
    }
  ]
}