{
  "type": "minecraft:entity",
  "pools": [
    {
      "rolls": 1,
      "entries": [
        {
          "type": "minecraft:item",
          "functions": [
            {
              "function": "minecraft:set_count",
              "count": {
                "min": 5.0,
                "max": 10.0,
                "type": "minecraft:uniform"
              }
            },
            {
              "count": {
                "type": "minecraft:constant",
                "value": 1.0
              },
              "enchantment": "minecraft:looting",
              "function": "minecraft:enchanted_count_increase"
            }
          ],
          "name": "minecraft:gold_ingot"
        }
      ]
    },
    {
      "rolls": 1,
      "entries": [
        {
          "type": "minecraft:item",
          "name": "minecraft:trident",
          "functions": [
            {
              "function": "set_count",
              "count": 1
            }
          ]
        }
      ]
    },
    {
      "rolls": 1,
      "entries": [
        {
          "type": "loot_table",
          "value": "advancedmobs:ss/xp"
        }
      ]
    }
  ]
}