{
  "type": "minecraft:entity",
  "pools": [
    {
      "rolls": 1,
      "entries": [
        {
          "type": "minecraft:item",
          "functions": [
            {
              "function": "minecraft:set_count",
              "count": {
                "min": 1.0,
                "max": 3.0,
                "type": "minecraft:uniform"
              }
            },
            {
              "count": {
                "type": "minecraft:constant",
                "value": 1.0
              },
              "enchantment": "minecraft:looting",
              "function": "minecraft:enchanted_count_increase"
            }
          ],
          "name": "minecraft:beetroot"
        }
      ]
    },
    {
      "rolls": 1,
      "entries": [
        {
          "type": "minecraft:item",
          "functions": [
            {
              "function": "minecraft:set_count",
              "count": {
                "min": 1.0,
                "max": 3.0,
                "type": "minecraft:uniform"
              }
            },
            {
              "count": {
                "type": "minecraft:constant",
                "value": 1.0
              },
              "enchantment": "minecraft:looting",
              "function": "minecraft:enchanted_count_increase"
            }
          ],
          "name": "minecraft:chorus_fruit"
        }
      ]
    },
    {
      "rolls": 1,
      "entries": [
        {
          "type": "minecraft:item",
          "functions": [
            {
              "function": "minecraft:set_count",
              "count": {
                "min": 0.0,
                "max": 2.0,
                "type": "minecraft:uniform"
              }
            },
            {
              "count": {
                "type": "minecraft:constant",
                "value": 1.0
              },
              "enchantment": "minecraft:looting",
              "function": "minecraft:enchanted_count_increase"
            }
          ],
          "name": "minecraft:bone"
        }
      ]
    },
    {
      "rolls": 1,
      "entries": [
        {
          "type": "loot_table",
          "value": "advancedmobs:ss/xp"
        }
      ]
    }
  ]
}