{
  "type": "minecraft:entity",
  "pools": [
    {
      "rolls": 1,
      "entries": [
        {
          "type": "minecraft:loot_table",
          "value": "minecraft:entities/zombie",
          "conditions": [
            {
              "condition": "entity_properties",
              "entity": "this",
              "predicate": {
                "type": "zombie"
              }
            }
          ]
        },
        {
          "type": "minecraft:loot_table",
          "value": "minecraft:entities/husk",
          "conditions": [
            {
              "condition": "entity_properties",
              "entity": "this",
              "predicate": {
                "type": "husk"
              }
            }
          ]
        },
        {
          "type": "minecraft:loot_table",
          "value": "minecraft:entities/zombie_villager",
          "conditions": [
            {
              "condition": "entity_properties",
              "entity": "this",
              "predicate": {
                "type": "zombie_villager"
              }
            }
          ]
        },
        {
          "type": "minecraft:loot_table",
          "value": "minecraft:entities/skeleton",
          "conditions": [
            {
              "condition": "entity_properties",
              "entity": "this",
              "predicate": {
                "type": "minecraft:skeleton"
              }
            }
          ]
        },
        {
          "type": "minecraft:loot_table",
          "value": "minecraft:entities/stray",
          "conditions": [
            {
              "condition": "entity_properties",
              "entity": "this",
              "predicate": {
                "type": "minecraft:stray"
              }
            }
          ]
        },
        {
          "type": "minecraft:loot_table",
          "value": "minecraft:entities/drowned",
          "conditions": [
            {
              "condition": "entity_properties",
              "entity": "this",
              "predicate": {
                "type": "minecraft:drowned"
              }
            }
          ]
        },
        {
          "type": "minecraft:loot_table",
          "value": "minecraft:entities/zombified_piglin",
          "conditions": [
            {
              "condition": "entity_properties",
              "entity": "this",
              "predicate": {
                "type": "minecraft:zombified_piglin"
              }
            }
          ]
        },
        {
          "type": "minecraft:loot_table",
          "value": "minecraft:entities/wither_skeleton",
          "conditions": [
            {
              "condition": "entity_properties",
              "entity": "this",
              "predicate": {
                "type": "minecraft:wither_skeleton"
              }
            }
          ]
        }
      ]
    },
    {
      "rolls": 1,
      "entries": [
        {
          "type": "minecraft:item",
          "functions": [
            {
              "function": "minecraft:set_count",
              "count": 1
            },
            {
              "function": "enchant_with_levels",
              "levels": 24,
              "treasure": true,
              "conditions": [
                {
                  "condition": "inverted",
                  "term": {
                    "condition": "entity_properties",
                    "entity": "this",
                    "predicate": {
                      "nbt": "{Tags:[\"advancedmobs_plus\"]}"
                    }
                  }
                }
              ]
            },
            {
              "function": "enchant_with_levels",
              "levels": 30,
              "treasure": true,
              "conditions": [
                {
                  "condition": "entity_properties",
                  "entity": "this",
                  "predicate": {
                    "nbt": "{Tags:[\"advancedmobs_plus\"]}"
                  }
                }
              ]
            }
          ],
          "name": "minecraft:book",
          "conditions": [
            {
              "condition": "killed_by_player",
              "inverse": true
            },
            {
              "condition": "random_chance",
              "chance": 0.5
            }
          ]
        }
      ]
    }
  ]
}